0	الـ Lucky ID تحلّ محل معرّف تطبيقك في كل مكان طالما تملكها. وعند انتهائها يعود معرّفك الأصلي.
1	الإشعار لا يزيد عن 120 حرفًا
2	آدهار
3	عن SABALIVE
4	قبول
5	تم إلغاء الوصول
6	الحساب
7	الحساب والأمان
8	إضافة 5
9	إضافة أشخاص
10	أضف أشخاصًا للإنشاء
11	الوكالة
12	معرّف الوكالة
13	اسم الوكالة
14	اسم الوكالة واسم صاحب الحساب ورقم WhatsApp مطلوبة
15	الكل
16	كل الشارات
17	كل مستويات {0}
18	السماح بالوصول
19	لديك حساب بالفعل؟ 
20	أنت بالفعل في بث مباشر
21	المبلغ (كوينز)
22	تم العثور على منافس — سنبدأ قريبًا
23	غاضب
24	خطأ في التطبيق
25	Apple
26	تم تقديم الطلب للمراجعة
27	قدّم طلبًا لوكالة
28	موافقة
29	أبريل
31	اسألنا عن أي شيء — مشكلة أو دفعة أو سؤال. سيرد فريق الدعم هنا.
32	8 أحرف على الأقل
33	صوت
34	أغسطس
35	متاح للسحب
36	بانتظار المراجعة
37	العودة لتسجيل الدخول
38	شارة
39	الشارات
40	حظر
41	حظر من المقاعد
42	حظر من المقاعد؟
44	انتهت المعركة
45	المعركة ليست مباشرة
46	تجميل
47	أفضل قيمة
48	النبذة
49	حظر
50	حظر المشاهد
51	المستخدمون المحظورون
52	تم حظر {0}
53	شارك لحظاتك بثًا مباشرًا، وتواصل مع المعجبين ونمِّ مجتمعك حول العالم.
54	شراء كوينز
55	الشراء من بائع بدون إنترنت
56	تم رفض المكالمة
57	تعذّر اتصال المكالمة
58	الكاميرا
59	الوصول إلى الكاميرا والميكروفون مطلوب لبدء البث
60	لا يمكن فصل طريقة تسجيل الدخول الوحيدة
61	إلغاء
62	لا يمكن الاتصال بهذا المستخدم
63	بطاقة
64	ارمِ الصنارة لاصطياد النادر
65	الفئات
66	تحدَّ بثًّا في معركة PK
67	غيّر خلفية ساحتي
68	تغيير الرقم
69	تغيير الصورة
70	الجاذبية
71	دردشة
72	تم مسح الدردشة للجميع
73	الدردشة مع الدعم
74	دردشة
75	تحقق مرة أخرى
76	تحقق من الحالة
77	تحقق من بريدك
78	شجّعهم…
79	أجواء الأحد الهادئة
80	اختر لغة
81	اختيار من المعرض
82	اختيار أغانٍ
83	اختر خلفيتك
84	استلام
85	تصفيق
86	لعبة الثلاث أوراق الكلاسيكية
87	مسح الدردشة
88	إغلاق
89	الكود غير موجود
90	حقيبة الكوينز
91	رصيد الكوينز
92	شراء الكوينز قريبًا
93	كوينز
94	أكّد بريدك الإلكتروني
95	تواصل ودردش
96	جارٍ الاتصال…
97	معلومات الاتصال (اختياري)
98	متابعة
99	تم نسخ "{0}"
100	نسخ الرابط
101	تعذّر تحميل البائعين — اسحب لإعادة المحاولة.
102	تعذّر فتح منتقي الموسيقى.
103	تعذّر فتح WhatsApp
104	تعذّر تشغيل {0}.
105	تعذّر إرسال رسالة إعادة التعيين
106	تعذّر إرسال طلبك، حاول مرة أخرى
107	تعذّر التحقق من حسابك. تحقق من اتصالك وحاول مرة أخرى.
108	الدولة
109	إنشاء حساب
110	إنشاء مجموعة ({0})
111	أنشئ حسابك
112	لوحة صانع المحتوى
113	يوميًا
114	منطقة الخطر
115	تاريخ الميلاد
116	ديسمبر
117	رفض
118	حذف
119	حذف الحساب
120	احذف حسابي
121	تم استلام طلب الحذف — سيُحذف حسابك خلال 7 أيام
122	ألماس
123	مبارزة النرد
124	تجاهل
125	رقم المستند / المرجع (اختياري)
126	نوع المستند
127	ليس لديك حساب؟ 
128	تعادل!
129	رخصة القيادة
130	مثلًا آخر 4 أرقام
131	اكسبها بالبث وإرسال الهدايا
132	معلومات الأرباح
133	تعديل الملف الشخصي
134	المؤثرات
135	البريد الإلكتروني
136	البريد / الهاتف
137	عنوان البريد الإلكتروني
138	البريد الإلكتروني أو رقم الهاتف
139	إيموجي
140	إنهاء
141	إنهاء البث المباشر؟
142	إنهاء معركة PK؟
144	أدخل مبلغًا صحيحًا
145	أدخل معرّف مستلم صحيحًا
146	أدخل الكود
147	أدخل رمز OTP
148	أدخل الرمز المكوّن من 6 أرقام للمتابعة
149	أدخل معرّف الوكالة، أرقام فقط
150	أدخل معرّف وكالتك
151	أدخل بريدك الإلكتروني
152	أدخل رقم هاتفك
153	أدخل رقم هاتفك أعلاه أولًا
154	أدخل {0} المسجّل لديك وسنساعدك في إعادة تعيين كلمة المرور.
155	الدخول
156	ارتداء
157	الأرباح التقديرية
158	حدث
159	ينتهي: {0}/{1}/{2}
160	الاكتمال المتوقع: {0}
161	Facebook
162	عائلة
163	المعجبون
164	فبراير
165	ملاحظات
166	تم إرسال ملاحظاتك — شكرًا!
167	نوع الملاحظات
168	أنثى
170	النتيجة النهائية  {0}  مقابل  {1}
171	نار
172	صيد السمك
173	متابعة
174	متابعة ومغادرة
175	المتابعون
176	يتابع
177	نسيت كلمة المرور؟
178	إطار
179	الإطارات
180	مجاني
181	غنائم الفاكهة
182	الاسم الكامل
183	صوت مضحك
184	الألعاب
185	الألعاب قريبًا — ستتمكن من لعبها مباشرة في الغرف والمراهنة بالكوينز.
186	المرآب
187	النوع
188	ابدأ الآن
191	GIF
192	هدية
193	مُرسلو الهدايا
194	الهدايا (30 يومًا)
195	ابدأ بثًا مباشرًا
196	ابدأ البث وأظهر الفيديو الخاص بك
197	ابدأ البث.\nكن نجمًا!
198	ابدأ البث. كن نجمًا!
199	اذهب إلى المتجر
200	البث المباشر تفعّله الوكالة. أدخل المعرّف الذي أعطتك إياه وكالتك وسيصلهم طلبك.
201	Google
202	لم يُرجع تسجيل الدخول عبر Google رمز المعرّف
203	مجموعة
204	اسم المجموعة (اختياري)
205	مضايقة أو تنمّر
206	انضم إلى غرفة الدردشة
207	خطاب كراهية
208	لديك كود صديق؟
209	قلب
210	المساعدة والأسئلة الشائعة
211	المساعدة والدعم
212	مرحبًا {0}، أرغب في شراء كوينز SABALIVE.
214	اسم صاحب الحساب
215	الرئيسية
216	يا سلام
217	المضيف
218	صلاحية المضيف
219	معارك المضيفين
220	المضيفون
221	مئة
222	أوافق على شروط الخدمة وسياسة الخصوصية
223	المعرّف {0} · مستوى {1}
224	المعرّف: {0}
225	التحقق من الهوية
226	انتحال الشخصية
227	في مكالمة
228	قيد التنفيذ
229	الوارد
230	مكالمة {0} واردة
231	Instagram
232	Instagram غير مثبّت — تم نسخ الرابط بدلًا من ذلك
233	رصيد الكوينز غير كافٍ
234	رصيد الألماس غير كافٍ
235	كود الإحالة غير صالح
236	ادعُ صديقًا
237	ادعُ منافسًا
238	ادعُ أصدقاءك إلى SABALIVE واكسب كوينز عندما ينضمون بالكود الخاص بك!
239	دعوة إلى PK
240	تم إرسال الدعوة
241	ادعُ شخصًا
242	إنه تعادل!
243	العنصر غير موجود
244	يناير
245	انضم للمكالمة
246	انضم إليّ في SABALIVE! {0}
247	انضم إلى ملايين البثّاثين والمعجبين حول العالم.
248	يوليو
249	يونيو
250	واصل
251	أبقِ الميكروفون مفتوحًا أثناء تشغيل الموسيقى
252	إخراج من المقعد
253	اعرف عندما يراسلك أحد أو يبدأ بثًا مباشرًا
254	تم إرسال KYC للمراجعة
255	اللغة
256	اختيار اللغة
257	ضحك
258	مغادرة
259	مغادرة البث؟
260	هل ستغادر الآن؟
261	المستوى {0}
262	إجمالي الهدايا
263	إعجاب
264	تم نسخ الرابط
265	تم نسخ الرابط — الصقه في Instagram
266	مرتبط
267	الحسابات المرتبطة
268	مباشر
269	معركة مباشرة
270	مباشر الآن
271	مباشر الآن
272	بث مباشر ومكالمات وهدايا افتراضية.
273	البث غير متاح
274	البث والرسائل والهدايا ونشاط المحفظة
275	الموقع
276	قفل المقعد
277	مقفل
278	تسجيل الدخول
279	سجّل الدخول لمواصلة رحلتك
280	الدخول برمز OTP
281	حب
282	صندوق الحظ
283	فُتح صندوق الحظ، ربحت {0} ألماسة
284	صندوق الحظ، {0}
285	Lucky ID
286	عجلة الحظ
287	مستوى {0}
288	الصيانة جارية
289	الصيانة جارية · متبقي {0}
290	تبدأ الصيانة بعد {0}
291	كوّن علاقات حقيقية عبر الدردشة المباشرة والرسائل الخاصة.
292	ذكر
293	مارس
294	تحديد الكل كمقروء
295	طابق وضاعف
296	تم الوصول لأقصى مستوى
297	مايو
298	أنا
299	رسالة
300	إشعارات الرسائل
301	الرسائل
302	الميكروفون
303	الميكروفون مكتوم
304	الميكروفون يعمل
305	مطلوب إذن الميكروفون/الكاميرا
306	تصغير
307	الجوال
308	شهريًا
309	المزيد
310	موسيقى
311	يجب تسجيل الدخول
312	كتم
313	حقيبتي
314	ملاحظاتي
315	دعواتي
316	مستواي
317	ملفي الشخصي
318	تحتاج مساعدة أثناء التجربة؟ راسلنا على support@sabalive.app واذكر اسم المستخدم وما كنت تفعله.
320	الخدمات المصرفية عبر الإنترنت
321	جديد
322	مجموعة جديدة
323	مجموعة جديدة
324	رسالة جديدة
325	رسالة جديدة
326	التالي
328	لم يتم العثور على وكالة بهذا المعرّف
329	لا يوجد ترتيب للوكالات لهذه الفترة بعد.
330	لا توجد شارات بعد
331	لا توجد محادثات بعد.\nاضغط على أيقونة الكتابة لبدء واحدة.
332	لا توجد إيموجي متاحة الآن
333	لا توجد مقاعد فارغة الآن
334	لا يوجد متابعون بعد.
335	لا يوجد إطار مفعّل
336	لا توجد إطارات بعد
337	لا يوجد ترتيب للمُرسلين لهذه الفترة بعد.
338	لا يوجد ترتيب للمضيفين لهذه الفترة بعد.
339	لا توجد دعوات بعد
340	لم يتم العثور على حسابات مرتبطة
341	لا توجد غرف مباشرة في هذه الفئة الآن.
342	لا توجد غرف مباشرة مطابقة
343	لا توجد غرف مباشرة الآن
344	لا توجد Lucky ID للبيع الآن
345	لا نتائج لـ "{0}".
346	لا توجد طلبات رسائل.
347	لا توجد رسائل بعد. قل مرحبًا 👋
348	لا توجد إشعارات بعد.
349	لا يوجد أحد آخر في وضع PK الآن.
350	لم يطلب أحد الانضمام بعد.
351	لا أحد يشاهد بعد.
352	لا أحد في بث مباشر الآن — كن الأول!
353	لا يوجد منافس بعد — PK فردي
354	لا توجد طلبات مقاعد معلّقة
355	لم يتم العثور على أشخاص
356	لا يوجد بائعون مدرجون الآن — تحقق لاحقًا.
357	لا توجد أغنية قيد التشغيل
358	لا توجد بثوث بعد — اضغط على ابدأ بثًا مباشرًا للبدء.
359	لا توجد تحويلات بعد.
360	لا يوجد زوار بعد — ستظهر هنا زيارات ملفك الشخصي.
361	لا توجد طلبات سحب بعد.
362	رقم {0}
363	لا أحد ممن تتابعهم في بث مباشر الآن.
364	لا يوجد كوينز كافية في رصيدك
365	الكوينز غير كافية — اشحن رصيدك
366	لا تتابع أحدًا بعد.
367	ليس الآن
368	ملاحظة (اختياري)
369	لا شيء هنا بعد
370	إشعار
371	تم تثبيت الإشعار
372	تم إلغاء تثبيت الإشعار
373	الإشعارات
374	نوفمبر
375	عري أو محتوى جنسي
376	أكتوبر
377	بائعو الكوينز بدون إنترنت
378	رقم واحد
379	رمز خاص واحد
380	حرف كبير واحد
381	أنا فقط أسمعها
382	المضيف فقط يمكنه مسح الدردشة
383	المضيف فقط يمكنه فعل ذلك
384	المضيف فقط يمكنه تثبيت إشعار
385	جارٍ الفتح…
386	المنافس
387	أو تابع باستخدام
388	طلب #…
389	أخرى
390	حفلة
391	جواز السفر
392	كلمة المرور
393	إعادة تعيين كلمة المرور برقم الجوال قريبًا — استخدم البريد الإلكتروني حاليًا
394	تم إرسال رسالة إعادة تعيين كلمة المرور
395	ادفع {0}  ·  {1} كوينز
396	طريقة الدفع
397	قيد الانتظار
398	الأشخاص
399	الهاتف
400	اختر بثًا آخر لتتحداه
401	اختر شخصًا آخر كمستلم
402	اختر من ستُرسل إليه
403	تثبيت
404	ثبّت رسالة للمشاهدين
405	ساحة PK
406	معركة PK
407	إعدادات معركة PK
408	معارك PK
409	معارك PK قريبًا
410	تشغيل الموسيقى
411	يرجى وصف ملاحظاتك بالتفصيل…
412	شائع
414	التفضيلات
415	تم رفض الطلب السابق — يمكنك إعادة التقديم.
416	الخصوصية والأمان
417	سياسة الخصوصية
418	حساب خاص
419	الملف الشخصي
420	إطارات الملف الشخصي
421	إطارات الملف الشخصي
422	تم تحديث الملف الشخصي
423	زوار الملف الشخصي
424	التقدم نحو المستوى {0}
425	الإشعارات الفورية
426	الكمية
427	PK عشوائي
428	الترتيب
429	إيصالات القراءة
430	البثوث الأخيرة
431	التحويلات الأخيرة
432	معرّف المستلم
433	المستلم غير موجود
434	موصى به
435	جارٍ إعادة الاتصال…
436	استبدال
437	احمرار
438	المرجع (اختياري)
439	تم استبدال كود الإحالة!
440	تذكرني
441	إزالة
442	إزالة 5
443	إزالة مشاهد
444	إزالة {0}؟
445	إبلاغ
446	سبب الإبلاغ
447	تم إرسال البلاغ — شكرًا
448	اطلب وكالة أخرى
449	تم إرسال الطلب
450	تم إرسال الطلب إلى {0}
451	تم إرسال الطلب — بانتظار المضيف
452	طلب سحب
453	الطلبات
454	الطلبات ({0})
455	إعادة إرسال OTP
456	إعادة إرسال OTP خلال 00:{0}
457	تم الحل
458	إعادة المحاولة
459	العودة للبث
460	جارٍ الرنين…
461	ارمِ النرد ضد الغرفة
462	مؤثرات الغرفة
463	معرّف الغرفة: {0}
464	إشعار الغرفة
465	خلفية الغرفة
466	خلفية الغرفة
467	خلفيات الغرف
468	يعمل SABALIVE بأفضل شكل مع هذه الأذونات. يمكنك تغييرها في أي وقت من إعدادات هاتفك.
469	حزين
470	حفظ التغييرات
471	قل مرحبًا 👋
472	قل مرحبًا!
473	قل شيئًا
474	قل شيئًا لطيفًا…
475	امسح للانضمام بالكود {0}
476	ابحث بالاسم أو @اسم المستخدم
477	ابحث بالاسم أو معرّف المستخدم
478	ابحث عن أشخاص بالاسم أو معرّف المستخدم
479	بحث في الرسائل
480	دعوات المقاعد
481	طلبات المقاعد
482	المقعد {0}
483	المقعد {0} مقفل
484	المقعد {0} مشغول
485	طلبات المقعد {0}
487	المقعد {0} · {1}
488	عرض الكل
489	اختر تاريخ الميلاد
490	بيع الكوينز
491	إرسال
492	أرسل هدية
493	أرسل هدية
494	إرسال للجميع · {0}
495	إرسال كوينز
496	أرسل الهدايا،\nانشر الحب
497	إرسال الطلب
498	إرسال رابط إعادة التعيين
499	إرسال رابط إعادة التعيين
500	إرسال إلى
501	إرسال · {0}
502	أرسل هدية
503	أرسل ملصقًا
504	أرسل للجميع {0}
505	أرسل {0}
506	تم إرسال {0} كوينز إلى المعرّف {1}
507	أرسل {0} {1}
508	أرسل {0}x {1}
509	أرسل {0}x {1} {2}
510	سبتمبر
511	الإعدادات
512	مشاركة
513	شارك كودك وستظهر مكافآتك هنا.
514	زيادة الحدّة
515	سجّل الدخول أولًا
516	تسجيل الخروج
517	إنشاء حساب
518	تم تسجيل الدخول باسم {0}
519	اجلس هنا
520	تخطي
521	تنعيم
522	PK فردي
523	شخص ما
524	أخذ أحدهم هذا المقعد للتو
525	شيء آخر
526	أغانٍ من هاتفك. أبقِ الميكروفون مفتوحًا أثناء تشغيل الموسيقى — فالموسيقى تُبَثّ مع صوتك.
527	بريد مزعج أو احتيال
528	السماعة
529	السماعة مغلقة
530	السماعة تعمل
531	أدر واربح كوينز وهدايا
532	ابدأ غرفة صوتية
533	ابدأ البث
534	ابدأ معركة PK
535	جارٍ البدء…
536	ابقَ
537	ابقَ في البث {0} دقيقة دون انقطاع في هذا البث واربح {1} ألماسة.
538	لا يزال الاتصال جاريًا — حاول بعد قليل
539	لا يوجد شيء من المضيف حتى الآن — ربما أنهى البث أو هناك مشكلة في الاتصال.
540	المتجر
541	البث غير موجود
542	عنوان البث
543	البثوث
544	إرسال
545	تقديم الطلب
546	إرسال للتحقق
547	اقتراحات
548	الدعم
549	ادعم صنّاع المحتوى المفضلين لديك بالهدايا الافتراضية وتصدّر الترتيب.
550	التقاط صورة
551	تحدث في الغرف المباشرة والصوتية
552	تين باتي
553	شروط الخدمة
554	لم يعمل ذلك الكود — حاول مرة أخرى
555	تم استخدام هذا الكود من قبل
556	تم تعطيل هذا الكود
557	انتهت صلاحية هذا الكود
558	تعذّر فتح هذا الملف من هنا.
559	هذه الـ Lucky ID مأخوذة بالفعل
560	هذه الـ Lucky ID غير متاحة
561	الوكالة
562	أزالك المضيف من هذا البث.
563	أزالك المضيف من مقعدك
564	ينتهي الرابط خلال 15 دقيقة. تحقق من مجلد الرسائل غير المرغوبة إن لم تجده.
565	فشل الطلب ({0}).
566	يستلم هؤلاء البائعون الدفع خارج التطبيق (نقدًا / UPI) ويضيفون الكوينز إلى حسابك مباشرة. راسل أحدهم على WhatsApp لترتيب الشراء.
567	سيغادرون الآن ولن يتمكنوا من العودة لهذا البث.
568	يجب أن يوافقوا قبل بدء المعركة
569	سيتم إخراجهم من هذا البث ولن يتمكنوا من العودة إليه.
570	تم حظر هذا الحساب.
571	هذا الجهاز محظور {0}.
572	هذا المضيف ليس في بث مباشر الآن
573	هذا حساب للوحة الإدارة. سجّل الدخول عبر لوحة الإدارة بدلًا من ذلك.
574	يستغرق هذا وقتًا أطول قليلًا من المتوقع.
575	لم تُنشر هذه الصفحة بعد.
576	سيؤدي هذا إلى حذف ملفك الشخصي وبثوثك ومحادثاتك ومحفظتك وسجل هداياك نهائيًا. نعالج الطلبات خلال 7 أيام. لا يمكن التراجع عن ذلك — هل أنت متأكد؟
577	هذا المقعد مشغول بالفعل
578	هذا المقعد مقفل
579	هذا البث ليس مباشرًا
580	لتغيير كلمة المرور سنرسل إليك رابط إعادة تعيين بالبريد.
581	اليوم
582	الأدوات
583	إجمالي مكافآت الإحالة
584	سجل المعاملات
585	الأكثر رواجًا الآن
586	اكتب رسالة…
587	اكتب للعثور على أشخاص
588	غير متاح
589	إلغاء الحظر
590	فصل الربط
591	فتح المقعد
592	إلغاء الكتم
593	إلغاء التثبيت
594	حتى {0}
596	اسم المستخدم
597	التحقق من OTP
598	تحقق من هويتك لفتح السحب والحصول على شارة التوثيق.
599	فيديو
600	VIP  ·  امتيازات فاخرة
601	لـ VIP فقط
602	زار {0}
603	التحكم في الصوت
604	مؤثرات الصوت
605	بطاقة الناخب
606	بانتظار المنافس
607	بانتظار موافقة {0} عليك. ستتمكن من البث فور موافقته.
608	بانتظار {0}…
609	جارٍ الانتظار…
610	المحفظة
611	المحفظة والأرباح
612	المحفظة والمعاملات
613	المحفظة / PayPal
614	مشاهدة البث
615	يشاهدون الآن
616	أرسلنا رابط تأكيد إلى {0}. اضغط عليه ثم عد وسجّل الدخول.
617	سنعود في أقرب وقت ممكن.
618	سنعود حالًا
619	نحن في صيانة الآن، لذا تسجيل الدخول غير متاح. يُرجى المحاولة بعد قليل.
620	أرسلنا رمزًا من 6 أرقام إلى\n{0}
621	أرسلنا رابط إعادة تعيين كلمة المرور إلى\n{0}
622	الثروة
623	أسبوعيًا
624	مرحبًا بعودتك!
625	عن ماذا بثك؟
626	WhatsApp
627	رقم WhatsApp
628	تفتيح
629	من أحالك، إن وُجد
630	السحب
631	السحب قريبًا
632	واو
633	اكتب رسالة أولًا
634	اكتب للدعم…
635	أنت
636	أنت محظور من البث المباشر {0}.
637	أنت موثّق ✓
638	لا يمكنك الانضمام لهذا البث.
639	ليس لديك نسخة سارية من هذا العنصر
640	لا تملك أي شيء بعد
641	أزالك المضيف من مقاعد هذه الغرفة
642	لم تحظر أحدًا.
643	لم ترسل أي ملاحظات بعد.
644	لقد خسرت
645	يجب تسجيل الدخول لبدء البث
646	بثثت لمدة {0} إلى {1} مشاهدين.
647	تم تسجيل خروجك لأن حسابك سُجّل دخوله على جهاز آخر.
648	لقد فزت! 🏆
649	ربحت {0} ألماسة من هذا البث. أحسنت!
650	كل شيء جاهز!
651	ما زلت في بث غرفة {0} — أنهِه أو عُد إليه قبل بدء بث آخر أو الانضمام إليه.
652	أنت تشاهد البث — الصوت يعمل
653	أنت: {0}
654	حسابك
655	حسابك محظور {0}.
656	وكالتك
657	تمت الموافقة على وكالتك "{0}" ✓
658	طلبك لـ "{0}" قيد المراجعة.
659	لم تتم الموافقة على طلبك لـ "{0}".
660	رصيد الكوينز لديك
661	ملاحظاتك
662	إطارك
663	تم سحب صلاحية المضيف منك. تواصل مع وكالتك.
664	Lucky ID الخاصة بك: {0}{1}
665	تم التحقق من رقمك بنجاح.
666	انتهت جلستك. يُرجى تسجيل الدخول مرة أخرى.
667	رمز التحقق صالح لمدة 10 دقائق.
668	التحقق الخاص بك قيد المراجعة.
669	تم الحصول على {0} شارات
670	تم حظر {0} من المقاعد
671	{0} كوينز
672	تمت إضافة {0} كوينز
673	{0} أيام
674	منذ {0} أيام
675	رفض {0} طلبك. يمكنك المحاولة مرة أخرى أو إرساله لوكالة أخرى.
676	{0} ألماسة
677	أنهى {0} البث
678	دخل {0} بـ {1}
679	{0} في الغرفة · {1} على المقاعد
680	{0} دعوات
681	{0} مضيف تجريبي — لا يمكن إرسال الهدايا بعد.
682	{0} قريبًا
683	{0} في بث مباشر على SABALIVE — انضم الآن!
684	{0} هو معرّفك الآن!
685	{0} أصبح لك
686	انضم {0}
687	{0} مستوى {1}
688	{0} مستوى {1}
689	{0} مباشر
690	تم شراء {0}!
691	تمت إزالة {0} من المقعد
692	أرسل {0} {1}
693	أرسل {0} {1} x{2}
694	{0} مشاهدين
695	تمت إزالة {0}
696	{0} يشاهدون · {1} على المقاعد
697	{0} يفوز! 🏆
698	لن يتمكن {0} من أخذ مقعد في هذا البث مرة أخرى.
699	{0} XP
700	{0} — قريبًا
702	🎁 أرسل هدية
703	🔴 مباشر الآن

704	+{0} مكافأة
705	منذ يوم
706	انضم
707	غادر
708	تعذّر الاتصال بخدمة البث المباشر الآن. يُرجى المحاولة مرة أخرى بعد قليل.
709	انتهت صلاحية اتصالك بهذه الغرفة. يُرجى المغادرة ثم الانضمام مرة أخرى.
710	عرض الملف الشخصي
