0	লাকি ID আপনার কাছে থাকাকালীন সর্বত্র আপনার অ্যাপ ID-র জায়গা নেয়। শেষ হলে আপনার নিজের ID ফিরে আসে।
1	নোটিশ সর্বোচ্চ ১২০ অক্ষরের হতে পারে
2	আধার
3	SABALIVE সম্পর্কে
4	গ্রহণ করুন
5	অ্যাক্সেস প্রত্যাহার করা হয়েছে
6	অ্যাকাউন্ট
7	অ্যাকাউন্ট ও নিরাপত্তা
8	৫টি যোগ করুন
9	মানুষ যোগ করুন
10	তৈরি করতে মানুষ যোগ করুন
11	এজেন্সি
12	এজেন্সি ID
13	এজেন্সির নাম
14	এজেন্সির নাম, ধারকের নাম এবং WhatsApp নম্বর আবশ্যক
15	সব
16	সব ব্যাজ
17	সব {0} লেভেল
18	অ্যাক্সেস দিন
19	আগে থেকেই অ্যাকাউন্ট আছে? 
20	আপনি ইতিমধ্যে একটি লাইভে আছেন
21	পরিমাণ (কয়েন)
22	প্রতিপক্ষ পাওয়া গেছে — শীঘ্রই শুরু হচ্ছে
23	রাগী
24	অ্যাপে ত্রুটি
25	Apple
26	আবেদন পর্যালোচনার জন্য জমা দেওয়া হয়েছে
27	এজেন্সির জন্য আবেদন করুন
28	অনুমোদন করুন
29	এপ্রিল
31	আমাদের যেকোনো কিছু জিজ্ঞাসা করুন — সমস্যা, পেমেন্ট বা প্রশ্ন। সাপোর্ট টিম এখানেই উত্তর দেবে।
32	কমপক্ষে ৮টি অক্ষর
33	অডিও
34	আগস্ট
35	উত্তোলনের জন্য উপলব্ধ
36	পর্যালোচনার অপেক্ষায়
37	লগইনে ফিরে যান
38	ব্যাজ
39	ব্যাজ
40	নিষিদ্ধ করুন
41	সিট থেকে নিষিদ্ধ করুন
42	সিট থেকে নিষিদ্ধ করবেন?
44	ব্যাটল শেষ হয়েছে
45	ব্যাটল লাইভ নেই
46	বিউটি
47	সেরা মূল্য
48	বায়ো
49	ব্লক করুন
50	দর্শককে ব্লক করুন
51	ব্লক করা ব্যবহারকারী
52	{0}-কে ব্লক করা হয়েছে
53	আপনার মুহূর্তগুলো সম্প্রচার করুন, ফ্যানদের সাথে যুক্ত হন এবং বিশ্বজুড়ে আপনার কমিউনিটি বাড়ান।
54	কয়েন কিনুন
55	অফলাইন বিক্রেতার কাছ থেকে কিনুন
56	কল প্রত্যাখ্যান করা হয়েছে
57	কল সংযুক্ত হয়নি
58	ক্যামেরা
59	লাইভে যেতে ক্যামেরা ও মাইক্রোফোনের অনুমতি প্রয়োজন
60	আপনার একমাত্র সাইন-ইন পদ্ধতি আনলিংক করা যাবে না
61	বাতিল করুন
62	এই ব্যবহারকারীকে কল করা যাবে না
63	কার্ড
64	বিরল মাছের জন্য ফেলুন
65	বিভাগ
66	একজন PK স্ট্রিমারকে চ্যালেঞ্জ করুন
67	আমার অ্যারেনার ওয়ালপেপার বদলান
68	নম্বর পরিবর্তন করুন
69	ছবি পরিবর্তন করুন
70	চার্ম
71	চ্যাট
72	সবার জন্য চ্যাট মুছে ফেলা হয়েছে
73	সাপোর্টের সাথে চ্যাট করুন
74	চ্যাটিং
75	আবার যাচাই করুন
76	অবস্থা দেখুন
77	আপনার ইনবক্স দেখুন
78	তাদের উৎসাহ দিন…
79	রবিবারের চিল ভাইবস
80	ভাষা বেছে নিন
81	গ্যালারি থেকে বেছে নিন
82	গান বেছে নিন
83	আপনার ওয়ালপেপার বেছে নিন
84	দাবি করুন
85	হাততালি
86	ক্লাসিক ৩-কার্ড গেম
87	চ্যাট মুছুন
88	বন্ধ করুন
89	কোড পাওয়া যায়নি
90	কয়েন ব্যাগ
91	কয়েন ব্যালেন্স
92	কয়েন কেনা শীঘ্রই আসছে
93	কয়েন
94	আপনার ইমেল নিশ্চিত করুন
95	যুক্ত হন ও চ্যাট করুন
96	সংযোগ হচ্ছে…
97	যোগাযোগের তথ্য (ঐচ্ছিক)
98	চালিয়ে যান
99	"{0}" কপি করা হয়েছে
100	লিংক কপি করুন
101	বিক্রেতাদের লোড করা যায়নি — আবার চেষ্টা করতে টেনে ধরুন।
102	মিউজিক পিকার খোলা যায়নি।
103	WhatsApp খোলা যায়নি
104	{0} চালানো যায়নি।
105	রিসেট ইমেল পাঠানো যায়নি
106	আপনার অনুরোধ জমা দেওয়া যায়নি, আবার চেষ্টা করুন
107	আপনার অ্যাকাউন্ট যাচাই করা যায়নি। সংযোগ পরীক্ষা করে আবার চেষ্টা করুন।
108	দেশ
109	অ্যাকাউন্ট তৈরি করুন
110	গ্রুপ তৈরি করুন ({0})
111	আপনার অ্যাকাউন্ট তৈরি করুন
112	ক্রিয়েটর ড্যাশবোর্ড
113	দৈনিক
114	বিপজ্জনক এলাকা
115	জন্ম তারিখ
116	ডিসেম্বর
117	প্রত্যাখ্যান করুন
118	মুছুন
119	অ্যাকাউন্ট মুছুন
120	আমার অ্যাকাউন্ট মুছুন
121	মুছে ফেলার অনুরোধ পাওয়া গেছে — আপনার অ্যাকাউন্ট ৭ দিনের মধ্যে মুছে ফেলা হবে
122	ডায়মন্ড
123	ডাইস ডুয়েল
124	বাদ দিন
125	নথির নম্বর / রেফারেন্স (ঐচ্ছিক)
126	নথির ধরন
127	অ্যাকাউন্ট নেই? 
128	ড্র!
129	ড্রাইভিং লাইসেন্স
130	যেমন শেষ ৪টি সংখ্যা
131	স্ট্রিমিং ও উপহার দিয়ে এগুলো অর্জন করুন
132	আয়ের তথ্য
133	প্রোফাইল সম্পাদনা করুন
134	ইফেক্টস
135	ইমেল
136	ইমেল / ফোন
137	ইমেল ঠিকানা
138	ইমেল বা ফোন নম্বর
139	ইমোজি
140	শেষ করুন
141	লাইভ স্ট্রিম শেষ করবেন?
142	PK ব্যাটল শেষ করবেন?
144	সঠিক পরিমাণ লিখুন
145	সঠিক প্রাপকের ID লিখুন
146	কোড লিখুন
147	OTP লিখুন
148	চালিয়ে যেতে ৬ সংখ্যার কোড লিখুন
149	এজেন্সি ID লিখুন, শুধু সংখ্যা
150	আপনার এজেন্সি ID লিখুন
151	আপনার ইমেল ঠিকানা লিখুন
152	আপনার ফোন নম্বর লিখুন
153	আগে উপরে আপনার ফোন নম্বর লিখুন
154	আপনার নিবন্ধিত {0} লিখুন, আমরা পাসওয়ার্ড রিসেট করতে সাহায্য করব।
155	এন্ট্রি
156	পরুন
157	আনুমানিক আয়
158	ইভেন্ট
159	মেয়াদ: {0}/{1}/{2}
160	সম্ভাব্য সমাপ্তি: {0}
161	Facebook
162	পরিবার
163	ফ্যান
164	ফেব্রুয়ারি
165	মতামত
166	মতামত পাঠানো হয়েছে — ধন্যবাদ!
167	মতামতের ধরন
168	মহিলা
170	চূড়ান্ত স্কোর  {0}  বনাম  {1}
171	আগুন
172	মাছ ধরা
173	ফলো করুন
174	ফলো করুন ও বের হন
175	ফলোয়ার্স
176	ফলোইং
177	পাসওয়ার্ড ভুলে গেছেন?
178	ফ্রেম
179	ফ্রেম
180	বিনামূল্যে
181	ফ্রুট লুট
182	পুরো নাম
183	মজার ভয়েস
184	গেমস
185	গেমস শীঘ্রই আসছে — আপনি রুমে লাইভ খেলতে ও কয়েন বাজি ধরতে পারবেন।
186	গ্যারেজ
187	লিঙ্গ
188	শুরু করুন
191	GIF
192	উপহার
193	উপহারদাতা
194	উপহার (৩০ দিন)
195	লাইভে যান
196	লাইভে যান এবং আপনার ভিডিও দেখান
197	লাইভে যান।\nস্টার হন!
198	লাইভে যান। স্টার হন!
199	স্টোরে যান
200	লাইভে যাওয়া এজেন্সি চালু করে। আপনার এজেন্সির দেওয়া ID লিখুন, তারা আপনার অনুরোধ পাবে।
201	Google
202	Google সাইন-ইন থেকে ID টোকেন পাওয়া যায়নি
203	গ্রুপ
204	গ্রুপের নাম (ঐচ্ছিক)
205	হয়রানি বা বুলিং
206	চ্যাটরুমে যোগ দিয়েছেন
207	ঘৃণামূলক বক্তব্য
208	বন্ধুর কোড আছে?
209	হার্ট
210	সহায়তা ও FAQ
211	সহায়তা ও সাপোর্ট
212	হ্যালো {0}, আমি SABALIVE কয়েন কিনতে চাই।
214	ধারকের নাম
215	হোম
216	হুররে
217	হোস্ট
218	হোস্ট অ্যাক্সেস
219	হোস্ট বনাম হোস্ট ব্যাটল
220	হোস্ট
221	একশো
222	আমি পরিষেবার শর্তাবলী এবং গোপনীয়তা নীতিতে সম্মত
223	ID {0} · লেভেল {1}
224	ID: {0}
225	পরিচয় যাচাই
226	অন্যের ছদ্মবেশ
227	কলে আছেন
228	চলমান
229	ইনবক্স
230	ইনকামিং {0} কল
231	Instagram
232	Instagram ইনস্টল করা নেই — লিংক কপি করা হয়েছে
233	পর্যাপ্ত কয়েন নেই
234	পর্যাপ্ত ডায়মন্ড নেই
235	রেফারেল কোড সঠিক নয়
236	বন্ধুকে আমন্ত্রণ জানান
237	প্রতিপক্ষকে আমন্ত্রণ জানান
238	বন্ধুদের SABALIVE-এ আমন্ত্রণ জানান এবং তারা আপনার কোড দিয়ে যোগ দিলে কয়েন অর্জন করুন!
239	PK-তে আমন্ত্রণ
240	আমন্ত্রণ পাঠানো হয়েছে
241	কাউকে আমন্ত্রণ জানান
242	এটা ড্র!
243	আইটেম পাওয়া যায়নি
244	জানুয়ারি
245	কলে যোগ দিন
246	SABALIVE-এ আমার সাথে যোগ দিন! {0}
247	বিশ্বজুড়ে লক্ষ লক্ষ স্ট্রিমার ও ফ্যানদের সাথে যোগ দিন।
248	জুলাই
249	জুন
250	চালিয়ে যান
251	গান চলার সময় আপনার মাইক চালু রাখুন
252	সিট থেকে সরান
253	কেউ মেসেজ করলে বা লাইভে এলে জানুন
254	KYC পর্যালোচনার জন্য জমা দেওয়া হয়েছে
255	ভাষা
256	ভাষা নির্বাচন
257	হাসি
258	ছেড়ে দিন
259	লাইভ ছাড়বেন?
260	এখনই চলে যাচ্ছেন?
261	লেভেল {0}
262	মোট উপহার
263	লাইক
264	লিংক কপি করা হয়েছে
265	লিংক কপি করা হয়েছে — Instagram-এ পেস্ট করুন
266	লিংক করা
267	লিংক করা অ্যাকাউন্ট
268	লাইভ
269	লাইভ ব্যাটল
270	এখন লাইভ
271	এখন লাইভ
272	লাইভ স্ট্রিমিং, কল এবং ভার্চুয়াল উপহার।
273	লাইভ উপলব্ধ নয়
274	লাইভ, মেসেজ, উপহার এবং ওয়ালেট কার্যকলাপ
275	অবস্থান
276	সিট লক করুন
277	লক করা
278	লগইন
279	আপনার যাত্রা চালিয়ে যেতে লগইন করুন
280	OTP দিয়ে লগইন
281	ভালোবাসা
282	লাকি বক্স
283	লাকি বক্স খোলা হয়েছে, {0} ডায়মন্ড জিতেছেন
284	লাকি বক্স, {0}
285	লাকি ID
286	লাকি স্পিন
287	লেভেল {0}
288	রক্ষণাবেক্ষণ চলছে
289	রক্ষণাবেক্ষণ চলছে · {0} বাকি
290	রক্ষণাবেক্ষণ {0} পরে শুরু হবে
291	লাইভ চ্যাট ও ব্যক্তিগত মেসেজে সত্যিকারের সম্পর্ক গড়ুন।
292	পুরুষ
293	মার্চ
294	সব পড়া হয়েছে চিহ্নিত করুন
295	মেলান ও বাড়ান
296	সর্বোচ্চ লেভেলে পৌঁছেছেন
297	মে
298	আমি
299	মেসেজ
300	মেসেজ বিজ্ঞপ্তি
301	মেসেজ
302	মাইক্রোফোন
303	মাইক্রোফোন মিউট করা
304	মাইক্রোফোন চালু
305	মাইক্রোফোন/ক্যামেরার অনুমতি প্রয়োজন
306	ছোট করুন
307	মোবাইল
308	মাসিক
309	আরও
310	মিউজিক
311	সাইন ইন করা আবশ্যক
312	মিউট করুন
313	আমার ব্যাগ
314	আমার মতামত
315	আমার আমন্ত্রণ
316	আমার লেভেল
317	আমার প্রোফাইল
318	আলফার সময় সাহায্য দরকার? support@sabalive.app-এ ইমেল করুন এবং আপনার ইউজারনেম ও আপনি কী করছিলেন তা লিখুন।
320	নেট ব্যাংকিং
321	নতুন
322	নতুন গ্রুপ
323	নতুন গ্রুপ
324	নতুন মেসেজ
325	নতুন মেসেজ
326	পরবর্তী
328	ওই ID-র কোনো এজেন্সি পাওয়া যায়নি
329	এই সময়ের জন্য এখনো কোনো এজেন্সি র‍্যাঙ্কিং নেই।
330	এখনো কোনো ব্যাজ নেই
331	এখনো কোনো কথোপকথন নেই।\nশুরু করতে লেখার আইকনে ট্যাপ করুন।
332	এখন কোনো ইমোজি উপলব্ধ নেই
333	এখন কোনো খালি সিট নেই
334	এখনো কোনো ফলোয়ার নেই।
335	কোনো ফ্রেম পরা নেই
336	এখনো কোনো ফ্রেম নেই
337	এই সময়ের জন্য এখনো কোনো উপহারদাতা র‍্যাঙ্কিং নেই।
338	এই সময়ের জন্য এখনো কোনো হোস্ট র‍্যাঙ্কিং নেই।
339	এখনো কোনো আমন্ত্রণ নেই
340	কোনো লিংক করা অ্যাকাউন্ট পাওয়া যায়নি
341	এই বিভাগে এখন কোনো লাইভ রুম নেই।
342	কোনো লাইভ রুম মেলেনি
343	এখন কোনো লাইভ রুম নেই
344	এখন বিক্রির জন্য কোনো লাকি ID নেই
345	"{0}"-এর জন্য কিছু পাওয়া যায়নি।
346	কোনো মেসেজ অনুরোধ নেই।
347	এখনো কোনো মেসেজ নেই। হ্যালো বলুন 👋
348	এখনো কোনো বিজ্ঞপ্তি নেই।
349	এখন PK মোডে আর কেউ লাইভ নেই।
350	এখনো কেউ যোগ দিতে চায়নি।
351	এখনো কেউ দেখছে না।
352	এখন কেউ লাইভ নেই — প্রথম হন আপনি!
353	এখনো কোনো প্রতিপক্ষ নেই — একা PK
354	কোনো অপেক্ষমাণ সিট অনুরোধ নেই
355	কোনো মানুষ পাওয়া যায়নি
356	এখন কোনো বিক্রেতা তালিকাভুক্ত নেই — শীঘ্রই আবার দেখুন।
357	কোনো গান চলছে না
358	এখনো কোনো স্ট্রিম নেই — শুরু করতে লাইভে যান-এ ট্যাপ করুন।
359	এখনো কোনো ট্রান্সফার নেই।
360	এখনো কোনো ভিজিটর নেই — আপনার প্রোফাইল যারা দেখবে তারা এখানে দেখা যাবে।
361	এখনো কোনো উত্তোলনের অনুরোধ নেই।
362	নং {0}
363	আপনি যাদের ফলো করেন তাদের কেউ এখন লাইভ নেই।
364	আপনার ব্যালেন্সে পর্যাপ্ত কয়েন নেই
365	পর্যাপ্ত কয়েন নেই — টপ আপ করুন
366	এখনো কাউকে ফলো করছেন না।
367	এখন নয়
368	নোট (ঐচ্ছিক)
369	এখানে এখনো কিছু নেই
370	নোটিশ
371	নোটিশ পিন করা হয়েছে
372	নোটিশ আনপিন করা হয়েছে
373	বিজ্ঞপ্তি
374	নভেম্বর
375	নগ্নতা বা যৌন বিষয়বস্তু
376	অক্টোবর
377	অফলাইন কয়েন বিক্রেতা
378	একটি সংখ্যা
379	একটি বিশেষ চিহ্ন
380	একটি বড় হাতের অক্ষর
381	শুধু আমি শুনতে পাব
382	শুধু হোস্ট চ্যাট মুছতে পারেন
383	শুধু হোস্ট এটি করতে পারেন
384	শুধু হোস্ট নোটিশ পিন করতে পারেন
385	খুলছে…
386	প্রতিপক্ষ
387	অথবা চালিয়ে যান
388	অর্ডার #…
389	অন্যান্য
390	পার্টি
391	পাসপোর্ট
392	পাসওয়ার্ড
393	মোবাইল নম্বর দিয়ে পাসওয়ার্ড রিসেট শীঘ্রই আসছে — আপাতত ইমেল ব্যবহার করুন
394	পাসওয়ার্ড রিসেট ইমেল পাঠানো হয়েছে
395	{0} পরিশোধ করুন  ·  {1} কয়েন
396	পেমেন্ট পদ্ধতি
397	অপেক্ষমাণ
398	মানুষ
399	ফোন
400	চ্যালেঞ্জ করতে অন্য একটি স্ট্রিম বেছে নিন
401	প্রাপক হিসেবে অন্য কাউকে বেছে নিন
402	কাকে পাঠাবেন বেছে নিন
403	পিন করুন
404	দর্শকদের জন্য একটি মেসেজ পিন করুন
405	PK অ্যারেনা
406	PK ব্যাটল
407	PK ব্যাটল সেটিংস
408	PK ব্যাটল
409	PK ব্যাটল শীঘ্রই আসছে
410	মিউজিক চালান
411	অনুগ্রহ করে আপনার মতামত বিস্তারিত লিখুন…
412	জনপ্রিয়
414	পছন্দসমূহ
415	আগের আবেদন প্রত্যাখ্যাত হয়েছিল — আপনি আবার জমা দিতে পারেন।
416	গোপনীয়তা ও নিরাপত্তা
417	গোপনীয়তা নীতি
418	ব্যক্তিগত অ্যাকাউন্ট
419	প্রোফাইল
420	প্রোফাইল ফ্রেম
421	প্রোফাইল ফ্রেম
422	প্রোফাইল আপডেট হয়েছে
423	প্রোফাইল ভিজিটর
424	লেভেল {0}-এর পথে অগ্রগতি
425	পুশ বিজ্ঞপ্তি
426	পরিমাণ
427	র‍্যান্ডম PK
428	র‍্যাঙ্কিং
429	পড়ার রসিদ
430	সাম্প্রতিক স্ট্রিম
431	সাম্প্রতিক ট্রান্সফার
432	প্রাপকের ID
433	প্রাপক পাওয়া যায়নি
434	প্রস্তাবিত
435	আবার সংযোগ হচ্ছে…
436	রিডিম করুন
437	লালচে ভাব
438	রেফারেন্স (ঐচ্ছিক)
439	রেফারেল কোড রিডিম হয়েছে!
440	আমাকে মনে রাখুন
441	সরান
442	৫টি সরান
443	দর্শককে সরান
444	{0}-কে সরাবেন?
445	রিপোর্ট করুন
446	রিপোর্টের কারণ
447	রিপোর্ট জমা হয়েছে — ধন্যবাদ
448	অন্য এজেন্সির অনুরোধ করুন
449	অনুরোধ পাঠানো হয়েছে
450	{0}-কে অনুরোধ পাঠানো হয়েছে
451	অনুরোধ পাঠানো হয়েছে — হোস্টের অপেক্ষা
452	উত্তোলনের অনুরোধ
453	অনুরোধ
454	অনুরোধ ({0})
455	OTP আবার পাঠান
456	00:{0}-এ OTP আবার পাঠান
457	সমাধান হয়েছে
458	আবার চেষ্টা করুন
459	লাইভে ফিরুন
460	রিং হচ্ছে…
461	রুমের বিরুদ্ধে পাশা ফেলুন
462	রুম ইফেক্টস
463	রুম ID: {0}
464	রুম নোটিশ
465	রুম স্কিন
466	রুম স্কিন
467	রুম স্কিন
468	SABALIVE এগুলো নিয়ে সবচেয়ে ভালো কাজ করে। আপনি যেকোনো সময় আপনার ফোনের সেটিংসে এগুলো বদলাতে পারেন।
469	দুঃখী
470	পরিবর্তন সংরক্ষণ করুন
471	হ্যালো বলুন 👋
472	হ্যালো বলুন!
473	কিছু বলুন
474	সুন্দর কিছু বলুন…
475	কোড {0} দিয়ে যোগ দিতে স্ক্যান করুন
476	নাম বা @ইউজারনেম দিয়ে খুঁজুন
477	নাম বা ইউজার ID দিয়ে খুঁজুন
478	নাম বা ইউজার ID দিয়ে মানুষ খুঁজুন
479	মেসেজ খুঁজুন
480	সিট আমন্ত্রণ
481	সিট অনুরোধ
482	সিট {0}
483	সিট {0} লক করা
484	সিট {0} ভরা
485	সিট {0}-এর অনুরোধ
487	সিট {0} · {1}
488	সব দেখুন
489	জন্ম তারিখ বেছে নিন
490	কয়েন বিক্রি করুন
491	পাঠান
492	উপহার পাঠান
493	উপহার পাঠান
494	সবাইকে পাঠান · {0}
495	কয়েন পাঠান
496	উপহার পাঠান,\nভালোবাসা ছড়ান
497	অনুরোধ পাঠান
498	রিসেট লিংক পাঠান
499	রিসেট লিংক পাঠান
500	যাকে পাঠাবেন
501	পাঠান · {0}
502	একটি উপহার পাঠিয়েছেন
503	একটি স্টিকার পাঠিয়েছেন
504	সবাইকে {0} পাঠিয়েছেন
505	{0} পাঠিয়েছেন
506	ID {1}-কে {0} কয়েন পাঠানো হয়েছে
507	{0} {1} পাঠিয়েছেন
508	{0} x {1} পাঠিয়েছেন
509	{0} x {1} {2} পাঠিয়েছেন
510	সেপ্টেম্বর
511	সেটিংস
512	শেয়ার করুন
513	আপনার কোড শেয়ার করুন, আপনার পুরস্কার এখানে দেখা যাবে।
514	শার্প করুন
515	আগে সাইন ইন করুন
516	সাইন আউট
517	সাইন আপ
518	{0} হিসেবে সাইন ইন করেছেন
519	এখানে বসুন
520	এড়িয়ে যান
521	স্মুথ
522	একা PK
523	কেউ একজন
524	কেউ এইমাত্র ওই সিটটি নিয়ে নিয়েছে
525	অন্য কিছু
526	আপনার ফোনের গান। গান চলার সময় আপনার মাইক চালু রাখুন — গান আপনার কণ্ঠের সাথে যায়।
527	স্প্যাম বা প্রতারণা
528	স্পিকার
529	স্পিকার বন্ধ
530	স্পিকার চালু
531	ঘুরিয়ে কয়েন ও উপহার জিতুন
532	অডিও রুম শুরু করুন
533	লাইভ শুরু করুন
534	PK ব্যাটল শুরু করুন
535	শুরু হচ্ছে…
536	থাকুন
537	এই স্ট্রিমে বিরতি ছাড়া {0} মিনিট লাইভ থাকুন এবং {1} ডায়মন্ড জিতুন।
538	এখনো সংযোগ হচ্ছে — একটু পরে আবার চেষ্টা করুন
539	হোস্টের কাছ থেকে এখনো কিছু আসেনি — তারা হয়তো শেষ করেছেন, অথবা সংযোগে সমস্যা আছে।
540	স্টোর
541	স্ট্রিম পাওয়া যায়নি
542	স্ট্রিমের শিরোনাম
543	স্ট্রিম
544	জমা দিন
545	আবেদন জমা দিন
546	যাচাইয়ের জন্য জমা দিন
547	পরামর্শ
548	সাপোর্ট
549	ভার্চুয়াল উপহার দিয়ে আপনার প্রিয় ক্রিয়েটরদের সমর্থন করুন এবং র‍্যাঙ্কিংয়ে উঠুন।
550	ছবি তুলুন
551	লাইভ রুম ও অডিও রুমে কথা বলুন
552	টিন পাত্তি
553	পরিষেবার শর্তাবলী
554	ওই কোডটি কাজ করেনি — আবার চেষ্টা করুন
555	ওই কোডটি আগেই ব্যবহার করা হয়েছে
556	ওই কোডটি নিষ্ক্রিয় করা হয়েছে
557	ওই কোডটির মেয়াদ শেষ হয়ে গেছে
558	ওই ফাইলটি এখান থেকে খোলা যায়নি।
559	ওই লাকি ID আগেই নেওয়া হয়ে গেছে
560	ওই লাকি ID উপলব্ধ নেই
561	এজেন্সি
562	হোস্ট আপনাকে এই লাইভ থেকে সরিয়ে দিয়েছেন।
563	হোস্ট আপনাকে আপনার সিট থেকে সরিয়ে দিয়েছেন
564	লিংকটির মেয়াদ ১৫ মিনিটে শেষ হবে। না দেখলে আপনার স্প্যাম ফোল্ডার দেখুন।
565	অনুরোধ ব্যর্থ হয়েছে ({0})।
566	এই বিক্রেতারা অ্যাপের বাইরে (নগদ / UPI) পেমেন্ট নেন এবং সরাসরি আপনার কয়েন ক্রেডিট করেন। কেনা ঠিক করতে WhatsApp-এ কাউকে মেসেজ করুন।
567	তারা এখন চলে যাবে এবং এই লাইভে আর ফিরতে পারবে না।
568	ব্যাটল শুরুর আগে তাদের গ্রহণ করতে হবে
569	তাদের এই লাইভ থেকে সরিয়ে দেওয়া হবে এবং আর যোগ দিতে পারবে না।
570	এই অ্যাকাউন্ট নিষিদ্ধ করা হয়েছে।
571	এই ডিভাইস {0} নিষিদ্ধ।
572	এই হোস্ট এখন লাইভ নেই
573	এটি একটি অ্যাডমিন-প্যানেল অ্যাকাউন্ট। এর বদলে অ্যাডমিন প্যানেলে সাইন ইন করুন।
574	এটি আশা করার চেয়ে একটু বেশি সময় নিচ্ছে।
575	এই পেজটি এখনো প্রকাশিত হয়নি।
576	এটি আপনার প্রোফাইল, স্ট্রিম, চ্যাট, ওয়ালেট ও উপহারের ইতিহাস স্থায়ীভাবে মুছে ফেলবে। আমরা অনুরোধ ৭ দিনের মধ্যে সম্পন্ন করি। এটি ফেরানো যাবে না — আপনি কি নিশ্চিত?
577	এই সিটটি আগেই ভরা
578	এই সিটটি লক করা
579	এই স্ট্রিম লাইভ নেই
580	পাসওয়ার্ড বদলাতে আমরা আপনাকে একটি রিসেট লিংক ইমেল করব।
581	আজ
582	টুলস
583	মোট রেফারেল পুরস্কার
584	লেনদেনের ইতিহাস
585	এখন ট্রেন্ডিং
586	একটি মেসেজ লিখুন…
587	মানুষ খুঁজতে লিখুন
588	অনুপলব্ধ
589	আনব্লক করুন
590	আনলিংক করুন
591	সিট আনলক করুন
592	আনমিউট করুন
593	আনপিন করুন
594	{0} পর্যন্ত
596	ইউজারনেম
597	OTP যাচাই করুন
598	উত্তোলন ও ভেরিফায়েড ব্যাজ আনলক করতে আপনার পরিচয় যাচাই করুন।
599	ভিডিও
600	VIP  ·  বিলাসবহুল সুবিধা
601	শুধু VIP-র জন্য
602	{0} দেখেছেন
603	ভয়েস কন্ট্রোল
604	ভয়েস ইফেক্টস
605	ভোটার ID
606	প্রতিপক্ষের অপেক্ষা
607	{0}-এর আপনাকে অনুমোদনের অপেক্ষা। তারা অনুমোদন করলেই আপনি লাইভে যেতে পারবেন।
608	{0}-এর অপেক্ষা…
609	অপেক্ষা…
610	ওয়ালেট
611	ওয়ালেট ও আয়
612	ওয়ালেট ও লেনদেন
613	ওয়ালেট / PayPal
614	লাইভ দেখুন
615	এখন দেখছেন
616	আমরা {0}-এ একটি নিশ্চিতকরণ লিংক পাঠিয়েছি। সেটিতে ট্যাপ করুন, তারপর ফিরে এসে লগইন করুন।
617	আমরা যত দ্রুত সম্ভব ফিরে আসব।
618	আমরা এখনই ফিরছি
619	আমরা এখন রক্ষণাবেক্ষণে আছি, তাই সাইন ইন করা যাচ্ছে না। অনুগ্রহ করে একটু পরে আবার চেষ্টা করুন।
620	আমরা একটি ৬ সংখ্যার কোড পাঠিয়েছি\n{0}
621	আমরা একটি পাসওয়ার্ড রিসেট লিংক পাঠিয়েছি\n{0}
622	ওয়েল্থ
623	সাপ্তাহিক
624	আবার স্বাগতম!
625	আপনার স্ট্রিম কী নিয়ে?
626	WhatsApp
627	WhatsApp নম্বর
628	ফর্সা করুন
629	কে আপনাকে রেফার করেছে, যদি কেউ থাকে
630	উত্তোলন
631	উত্তোলন শীঘ্রই আসছে
632	ওয়াও
633	আগে একটি মেসেজ লিখুন
634	সাপোর্টকে লিখুন…
635	আপনি
636	আপনি লাইভ থেকে {0} নিষিদ্ধ।
637	আপনি যাচাইকৃত ✓
638	আপনি এই লাইভে যোগ দিতে পারবেন না।
639	এই আইটেমের কোনো সক্রিয় কপি আপনার নেই
640	আপনার এখনো কিছু নেই
641	হোস্ট আপনাকে এই রুমের সিট থেকে সরিয়ে দিয়েছেন
642	আপনি কাউকে ব্লক করেননি।
643	আপনি এখনো কোনো মতামত পাঠাননি।
644	আপনি হেরেছেন
645	লাইভে যেতে সাইন ইন করা আবশ্যক
646	আপনি {1} জন দর্শকের জন্য {0} স্ট্রিম করেছেন।
647	আপনার অ্যাকাউন্ট অন্য ডিভাইসে সাইন ইন হওয়ায় আপনাকে সাইন আউট করা হয়েছে।
648	আপনি জিতেছেন! 🏆
649	আপনি এই লাইভ থেকে {0} ডায়মন্ড জিতেছেন। চমৎকার!
650	আপনি প্রস্তুত!
651	আপনি এখনো {0}-এর রুমে লাইভ আছেন — অন্যটি শুরু বা যোগ দেওয়ার আগে এটি শেষ করুন বা এতে ফিরুন।
652	আপনি লাইভ দেখছেন — অডিও চলছে
653	আপনি: {0}
654	আপনার অ্যাকাউন্ট
655	আপনার অ্যাকাউন্ট {0} নিষিদ্ধ।
656	আপনার এজেন্সি
657	আপনার এজেন্সি "{0}" অনুমোদিত ✓
658	"{0}"-এর জন্য আপনার আবেদন পর্যালোচনায় আছে।
659	"{0}"-এর জন্য আপনার আবেদন অনুমোদিত হয়নি।
660	আপনার কয়েন ব্যালেন্স
661	আপনার মতামত
662	আপনার ফ্রেম
663	আপনার হোস্ট অ্যাক্সেস প্রত্যাহার করা হয়েছে। আপনার এজেন্সির সাথে যোগাযোগ করুন।
664	আপনার লাকি ID: {0}{1}
665	আপনার নম্বর সফলভাবে যাচাই হয়েছে।
666	আপনার সেশনের মেয়াদ শেষ। অনুগ্রহ করে আবার সাইন ইন করুন।
667	আপনার যাচাইকরণ কোড ১০ মিনিটের জন্য বৈধ।
668	আপনার যাচাইকরণ পর্যালোচনায় আছে।
669	{0}টি ব্যাজ অর্জিত
670	{0}-কে সিট থেকে নিষিদ্ধ করা হয়েছে
671	{0} কয়েন
672	{0} কয়েন যোগ হয়েছে
673	{0} দিন
674	{0} দিন আগে
675	{0} আপনার অনুরোধ প্রত্যাখ্যান করেছে। আপনি আবার চেষ্টা করতে পারেন বা অন্য এজেন্সিকে পাঠাতে পারেন।
676	{0} ডায়মন্ড
677	{0} লাইভ শেষ করেছেন
678	{0} {1} নিয়ে প্রবেশ করেছেন
679	রুমে {0} · সিটে {1}
680	{0}টি আমন্ত্রণ
681	{0} একজন ডেমো হোস্ট — এখনো উপহার পাঠানো যায় না।
682	{0} শীঘ্রই আসছে
683	{0} SABALIVE-এ লাইভ — এখনই যোগ দিন!
684	{0} এখন আপনার ID!
685	{0} আপনার
686	{0} যোগ দিয়েছেন
687	{0} লেভেল {1}
688	{0} লেভেল {1}
689	{0} লাইভ
690	{0} কেনা হয়েছে!
691	{0}-কে সিট থেকে সরানো হয়েছে
692	{0} {1} পাঠিয়েছেন
693	{0} {1} x{2} পাঠিয়েছেন
694	{0} জন দর্শক
695	{0}-কে সরানো হয়েছে
696	{0} জন দেখছেন · {1} জন সিটে
697	{0} জিতেছেন! 🏆
698	{0} এই স্ট্রিমে আর সিট নিতে পারবে না।
699	{0} XP
700	{0} — শীঘ্রই আসছে
702	🎁 একটি উপহার পাঠিয়েছেন
703	🔴 এখন লাইভ

704	+{0} বোনাস
705	১ দিন আগে
706	যোগ দিয়েছেন
707	চলে গেছেন
708	এই মুহূর্তে লাইভ সার্ভিসের সাথে সংযোগ করা যাচ্ছে না। অনুগ্রহ করে একটু পরে আবার চেষ্টা করুন।
709	এই রুমের সাথে আপনার সংযোগের মেয়াদ শেষ হয়ে গেছে। অনুগ্রহ করে বেরিয়ে আবার যোগ দিন।
710	প্রোফাইল দেখুন
711	এই ফোনে এখন Google সাইন-ইন পাওয়া যাচ্ছে না। অনুগ্রহ করে আপনার ইমেল বা ফোন নম্বর ব্যবহার করুন।
712	আপনার ইন্টারনেট সংযোগ পরীক্ষা করে আবার চেষ্টা করুন।
713	এই ডিভাইসে কিছু ভুল হয়েছে। অনুগ্রহ করে আবার চেষ্টা করুন।
714	আপডেট প্রয়োজন
715	SABALIVE-এর নতুন সংস্করণ পাওয়া যাচ্ছে। অ্যাপ ব্যবহার চালিয়ে যেতে অনুগ্রহ করে আপডেট করুন।
716	এখনই আপডেট করুন
