0	Pinapalitan ng Lucky ID ang app ID mo kahit saan habang hawak mo ito. Kapag natapos, babalik ang sarili mong ID.
1	Hanggang 120 character lang ang notice
2	Aadhaar
3	Tungkol sa SABALIVE
4	Tanggapin
5	Binawi ang access
6	Account
7	Account at Seguridad
8	Magdagdag ng 5
9	Magdagdag ng mga tao
10	Magdagdag ng mga tao para gumawa
11	Agency
12	Agency ID
13	Pangalan ng Agency
14	Kailangan ang pangalan ng agency, pangalan ng may-ari, at WhatsApp number
15	Lahat
16	Lahat ng Badge
17	Lahat ng {0} Level
18	Payagan ang access
19	May account ka na? 
20	Nasa isang live ka na
21	Halaga (coins)
22	May nakitang kalaban — magsisimula na sa lalong madaling panahon
23	Galit
24	Error sa App
25	Apple
26	Naipasa ang aplikasyon para sa review
27	Mag-apply para sa Agency
28	Aprubahan
29	Abr
31	Magtanong ng kahit ano — problema, bayad, o tanong. Dito sasagot ang support team.
32	Hindi bababa sa 8 character
33	Audio
34	Ago
35	Magagamit para i-withdraw
36	Naghihintay ng review
37	Bumalik sa Login
38	Badge
39	Mga Badge
40	I-ban
41	I-ban sa mga upuan
42	I-ban sa mga upuan?
44	Tapos na ang battle
45	Hindi live ang battle
46	Beauty
47	PINAKAMAHUSAY NA HALAGA
48	Bio
49	I-block
50	I-block ang viewer
51	Mga Na-block na User
52	Na-block si {0}
53	I-broadcast ang mga sandali mo, makipag-ugnayan sa mga fan, at palaguin ang komunidad mo sa buong mundo.
54	Bumili ng Coins
55	Bumili sa Offline Seller
56	Tinanggihan ang tawag
57	Hindi nakakonekta ang tawag
58	Camera
59	Kailangan ang access sa camera at mikropono para mag-go live
60	Hindi mo maaaring i-unlink ang nag-iisang paraan mo ng pag-sign in
61	Kanselahin
62	Hindi matatawagan ang user na ito
63	Card
64	Mag-cast para sa mga bihirang huli
65	Mga Kategorya
66	Hamunin ang isang PK streamer
67	Palitan ang wallpaper ng arena ko
68	Palitan ang Numero
69	Palitan ang Larawan
70	Charm
71	Chat
72	Na-clear ang chat para sa lahat
73	Mag-chat sa Support
74	Chatting
75	Tingnan muli
76	Tingnan ang status
77	Tingnan ang Inbox Mo
78	Suportahan sila…
79	Chill na Vibes ng Linggo
80	Pumili ng wika
81	Pumili mula sa Gallery
82	Pumili ng mga kanta
83	Piliin ang wallpaper mo
84	I-claim
85	Palakpak
86	Klasikong 3-card na laro
87	I-clear ang chat
88	Isara
89	Hindi nahanap ang code
90	Coin Bag
91	Coin Balance
92	Paparating na ang pagbili ng coins
93	Coins
94	Kumpirmahin ang email mo
95	Kumonekta at Mag-chat
96	Kumokonekta…
97	Impormasyon sa Pakikipag-ugnayan (opsyonal)
98	Magpatuloy
99	Nakopya ang "{0}"
100	Kopyahin ang Link
101	Hindi na-load ang mga seller — i-pull para subukan ulit.
102	Hindi mabuksan ang music picker.
103	Hindi mabuksan ang WhatsApp
104	Hindi ma-play ang {0}.
105	Hindi naipadala ang reset email
106	Hindi naipasa ang request mo, pakisubukan ulit
107	Hindi ma-verify ang account mo. Suriin ang koneksyon mo at subukan ulit.
108	Bansa
109	Gumawa ng Account
110	Gumawa ng group ({0})
111	Gawin ang Account Mo
112	Creator Dashboard
113	Araw-araw
114	Mapanganib na bahagi
115	Petsa ng Kapanganakan
116	Dis
117	Tanggihan
118	Burahin
119	Burahin ang account
120	Burahin ang account ko
121	Natanggap ang request sa pagbura — tatanggalin ang account mo sa loob ng 7 araw
122	Diamonds
123	Dice Duel
124	Isara
125	Numero ng dokumento / reference (opsyonal)
126	Uri ng dokumento
127	Wala ka pang account? 
128	Tabla!
129	Lisensya sa Pagmamaneho
130	hal. huling 4 na digit
131	Kitain ang mga ito sa pag-stream at pagbibigay ng gift
132	Impormasyon sa Kita
133	I-edit ang Profile
134	Mga Effect
135	Email
136	Email / Telepono
137	Email Address
138	Email o numero ng telepono
139	Emoji
140	Tapusin
141	Tapusin ang live stream?
142	Tapusin ang PK battle?
144	Maglagay ng wastong halaga
145	Maglagay ng wastong recipient ID
146	Ilagay ang code
147	Ilagay ang OTP
148	Ilagay ang 6-digit na code para magpatuloy
149	Ilagay ang agency ID, mga digit lang
150	Ilagay ang agency ID mo
151	Ilagay ang email address mo
152	Ilagay ang numero ng telepono mo
153	Ilagay muna ang numero ng telepono mo sa itaas
154	Ilagay ang rehistradong {0} mo at tutulungan ka naming i-reset ang password mo.
155	Entry
156	Isuot
157	Tinatayang Kita
158	Event
159	Exp: {0}/{1}/{2}
160	Inaasahang pagkumpleto: {0}
161	Facebook
162	Pamilya
163	Mga Fan
164	Peb
165	Feedback
166	Naipadala ang feedback — salamat!
167	Uri ng Feedback
168	Babae
170	Huling score  {0}  laban sa  {1}
171	Apoy
172	Pangingisda
173	I-follow
174	I-follow at Umalis
175	Mga Follower
176	Mga Sinusundan
177	Nakalimutan ang Password?
178	Frame
179	Mga Frame
180	Libre
181	Fruit Loot
182	Buong Pangalan
183	Nakakatawang boses
184	Mga Laro
185	Paparating na ang mga laro — makakapaglaro ka nang live sa mga room at makakapagtaya ng coins.
186	Garahe
187	Kasarian
188	Magsimula
191	Mga GIF
192	Gift
193	Mga Nagbigay ng Gift
194	Mga Gift (30 araw)
195	Mag-Go Live
196	Mag-go live at ipakita ang video mo
197	Mag-Go Live.\nMaging Star!
198	Mag-Go Live. Maging Star!
199	Pumunta sa Store
200	Ang pag-go live ay pinapagana ng isang agency. Ilagay ang ID na ibinigay ng agency mo at matatanggap nila ang request mo.
201	Google
202	Walang ibinalik na ID token ang Google sign-in
203	Group
204	Pangalan ng group (opsyonal)
205	Panliligalig o pambu-bully
206	ay sumali sa Chatroom
207	Hate speech
208	May code ng kaibigan?
209	Puso
210	Tulong at FAQ
211	Tulong at Support
212	Hi {0}, gusto kong bumili ng SABALIVE coins.
214	Pangalan ng May-ari
215	Home
216	Yehey
217	Host
218	Access ng Host
219	Mga battle ng host laban sa host
220	Mga Host
221	Isang Daan
222	Sumasang-ayon ako sa Terms of Service at Privacy Policy
223	ID {0} · Lv. {1}
224	ID: {0}
225	Pagpapatunay ng Pagkakakilanlan
226	Panggagaya
227	Nasa tawag
228	Isinasagawa
229	Inbox
230	Papasok na {0} na tawag
231	Instagram
232	Hindi naka-install ang Instagram — nakopya na lang ang link
233	Kulang ang coins
234	Kulang ang diamonds
235	Di-wastong referral code
236	Mag-imbita ng Kaibigan
237	Mag-imbita ng Kalaban
238	Imbitahan ang mga kaibigan sa SABALIVE at kumita ng coins kapag sumali sila gamit ang code mo!
239	Mag-imbita sa PK
240	Naipadala ang imbitasyon
241	Mag-imbita ng tao
242	Tabla ito!
243	Hindi nahanap ang item
244	Ene
245	Sumali sa Tawag
246	Sumali ka sa akin sa SABALIVE! {0}
247	Sumali sa milyun-milyong streamer at fan sa buong mundo.
248	Hul
249	Hun
250	Ituloy
251	Panatilihing bukas ang mic mo habang tumutugtog ang musika
252	Paalisin sa upuan
253	Malaman kapag may nag-message o nag-live
254	Naipasa ang KYC para sa review
255	Wika
256	Pagpili ng wika
257	Tawa
258	Umalis
259	Umalis sa live?
260	Aalis na agad?
261	Level {0}
262	Kabuuang gift
263	Like
264	Nakopya ang link
265	Nakopya ang link — i-paste sa Instagram
266	Naka-link
267	Mga Naka-link na Account
268	Live
269	Live na battle
270	Live Ngayon
271	Live ngayon
272	Live streaming, mga tawag at virtual gifting.
273	Hindi available ang live
274	Live, mga mensahe, gift, at aktibidad ng wallet
275	Lokasyon
276	I-lock ang upuan
277	Naka-lock
278	Mag-login
279	Mag-login para ipagpatuloy ang paglalakbay mo
280	Mag-login gamit ang OTP
281	Pag-ibig
282	Lucky Box
283	Nabuksan ang Lucky Box, nanalo ng {0} diamonds
284	Lucky Box, {0}
285	Lucky ID
286	Lucky Spin
287	Lv {0}
288	Isinasagawa ang maintenance
289	Isinasagawa ang maintenance · {0} na lang
290	Magsisimula ang maintenance sa {0}
291	Bumuo ng tunay na koneksyon sa live chat at pribadong mensahe.
292	Lalaki
293	Mar
294	Markahang nabasa lahat
295	Pagtugmain at paramihin
296	Naabot na ang pinakamataas na level
297	May
298	Ako
299	Mensahe
300	Mga Notification ng Mensahe
301	Mga Mensahe
302	Mikropono
303	Naka-mute ang mikropono
304	Bukas ang mikropono
305	Kailangan ang pahintulot sa mikropono/camera
306	I-minimize
307	Mobile
308	Buwan-buwan
309	Higit pa
310	Musika
311	Kailangang naka-sign in
312	I-mute
313	Bag Ko
314	Feedback Ko
315	Mga Imbitasyon Ko
316	Level Ko
317	Profile Ko
318	Kailangan ng tulong habang alpha? Mag-email sa support@sabalive.app at isama ang username mo at kung ano ang ginagawa mo.
320	Net Banking
321	Bago
322	Bagong Group
323	Bagong group
324	Bagong Mensahe
325	Bagong mensahe
326	Susunod
328	Walang nahanap na agency na may ganoong ID
329	Wala pang agency ranking para sa panahong ito.
330	Wala pang badge
331	Wala pang usapan.\nI-tap ang compose icon para magsimula.
332	Walang available na emoji ngayon
333	Walang bakanteng upuan ngayon
334	Wala pang follower.
335	Walang suot na frame
336	Wala pang frame
337	Wala pang ranking ng nagbigay ng gift para sa panahong ito.
338	Wala pang host ranking para sa panahong ito.
339	Wala pang imbitasyon
340	Walang nahanap na naka-link na account
341	Walang live na room sa kategoryang ito ngayon.
342	Walang tugmang live na room
343	Walang live na room ngayon
344	Walang Lucky ID na ibinebenta ngayon
345	Walang tugma para sa "{0}".
346	Walang request sa mensahe.
347	Wala pang mensahe. Mag-hello 👋
348	Wala pang notification.
349	Wala nang ibang naka-live sa PK mode ngayon.
350	Wala pang humihiling na sumali.
351	Wala pang nanonood.
352	Walang naka-live ngayon — maging una ka!
353	Wala pang kalaban — solo PK
354	Walang nakabinbing request sa upuan
355	Walang nahanap na tao
356	Walang nakalistang seller ngayon — bumalik na lang mamaya.
357	Walang tumutugtog na kanta
358	Wala pang stream — i-tap ang Go Live para magsimula.
359	Wala pang transfer.
360	Wala pang bisita — makikita rito ang mga bumisita sa profile mo.
361	Wala pang request sa withdrawal.
362	Blg. {0}
363	Walang naka-live ngayon sa mga sinusundan mo.
364	Kulang ang coins sa balance mo
365	Kulang ang coins — mag-top up
366	Wala ka pang sinusundan.
367	Hindi ngayon
368	Tala (opsyonal)
369	Wala pa rito
370	Notice
371	Na-pin ang notice
372	Na-unpin ang notice
373	Mga Notification
374	Nob
375	Kahubaran o sekswal na nilalaman
376	Okt
377	Mga Offline Coin Seller
378	Isang numero
379	Isang espesyal na character
380	Isang malaking titik
381	Ako lang ang makakarinig
382	Ang host lang ang maaaring mag-clear ng chat
383	Ang host lang ang maaaring gumawa nito
384	Ang host lang ang maaaring mag-pin ng notice
385	Binubuksan…
386	Kalaban
387	o magpatuloy gamit ang
388	Order #…
389	Iba pa
390	Party
391	Pasaporte
392	Password
393	Paparating na ang pag-reset ng password gamit ang mobile number — gamitin muna ang email
394	Naipadala ang email sa pag-reset ng password
395	Bayaran ang {0}  ·  {1} coins
396	Paraan ng Pagbabayad
397	Nakabinbin
398	Mga Tao
399	Telepono
400	Pumili ng ibang stream na hahamunin
401	Pumili ng ibang tatanggap
402	Piliin kung kanino ipapadala
403	I-pin
404	Mag-pin ng mensahe para sa mga viewer
405	PK Arena
406	PK Battle
407	Mga Setting ng PK Battle
408	Mga PK battle
409	Paparating na ang mga PK Battle
410	Magpatugtog ng musika
411	Pakilarawan nang detalyado ang feedback mo…
412	Sikat
414	Mga Kagustuhan
415	Tinanggihan ang naunang pagpasa — maaari kang magpasa ulit.
416	Privacy at Kaligtasan
417	Privacy Policy
418	Pribadong Account
419	Profile
420	Mga Profile Frame
421	Mga profile frame
422	Na-update ang profile
423	Mga Bumisita sa Profile
424	Progreso patungong Level {0}
425	Mga Push Notification
426	Dami
427	Random PK
428	Mga Ranking
429	Read Receipts
430	Mga kamakailang stream
431	Mga kamakailang transfer
432	Recipient ID
433	Hindi nahanap ang tatanggap
434	Inirerekomenda
435	Muling kumokonekta…
436	I-redeem
437	Pamumula
438	Reference (opsyonal)
439	Na-redeem ang referral code!
440	Tandaan Ako
441	Alisin
442	Alisin ang 5
443	Mag-alis ng viewer
444	Alisin si {0}?
445	I-report
446	Dahilan ng report
447	Naipasa ang report — salamat
448	Humiling ng ibang agency
449	Naipadala ang request
450	Naipadala ang request kay {0}
451	Naipadala ang request — hinihintay ang host
452	Humiling ng Withdrawal
453	Mga Request
454	Mga Request ({0})
455	Ipadala muli ang OTP
456	Ipadala muli ang OTP sa loob ng 00:{0}
457	Naresolba
458	Subukan ulit
459	Bumalik sa Live
460	Nagri-ring…
461	Magpagulong laban sa room
462	Mga Room Effect
463	Room ID: {0}
464	Notice ng room
465	Room skin
466	Room Skin
467	Mga room skin
468	Pinakamahusay na gumagana ang SABALIVE sa mga ito. Maaari mo silang baguhin anumang oras sa mga setting ng telepono mo.
469	Malungkot
470	I-save ang mga Pagbabago
471	Mag-hi 👋
472	Mag-hi!
473	Magsabi ng kahit ano
474	Magsabi ng maganda…
475	I-scan para sumali gamit ang code {0}
476	Maghanap ayon sa pangalan o @username
477	Maghanap ayon sa pangalan o user ID
478	Maghanap ng tao ayon sa pangalan o user ID
479	Maghanap ng mga mensahe
480	Mga imbitasyon sa upuan
481	Mga request sa upuan
482	Upuan {0}
483	Naka-lock ang upuan {0}
484	Okupado na ang upuan {0}
485	Mga request sa upuan {0}
487	Upuan {0} · {1}
488	Tingnan Lahat
489	Piliin ang petsa ng kapanganakan
490	Magbenta ng Coins
491	Ipadala
492	Magpadala ng gift
493	Magpadala ng Gift
494	Ipadala sa Lahat · {0}
495	Magpadala ng Coins
496	Magpadala ng Gift,\nMagpalaganap ng Pag-ibig
497	Ipadala ang request
498	Ipadala ang Reset Link
499	Ipadala ang reset link
500	Ipadala kay
501	Ipadala · {0}
502	Nagpadala ng gift
503	Nagpadala ng sticker
504	nagpadala ng {0} sa lahat
505	nagpadala ng {0}
506	Nagpadala ng {0} coins sa ID {1}
507	nagpadala ng {0} {1}
508	nagpadala ng {0}x {1}
509	nagpadala ng {0}x {1} {2}
510	Set
511	Mga Setting
512	I-share
513	I-share ang code mo at lalabas dito ang mga reward mo.
514	Patalasin
515	Mag-sign in muna
516	Mag-sign Out
517	Mag-sign Up
518	Naka-sign in bilang {0}
519	Umupo rito
520	Laktawan
521	Pakinisin
522	Solo PK
523	Isang tao
524	Kakakuha lang ng iba sa upuang iyon
525	Iba pa
526	Mga kanta mula sa telepono mo. Panatilihing bukas ang mic mo habang tumutugtog ang musika — sumasabay ang musika sa boses mo.
527	Spam o scam
528	Speaker
529	Naka-off ang speaker
530	Naka-on ang speaker
531	Paikutin para manalo ng coins at gift
532	Magsimula ng Audio Room
533	Magsimula ng Live
534	Magsimula ng PK Battle
535	Nagsisimula…
536	Manatili
537	Manatiling live nang {0} minuto nang walang putol sa stream na ito at manalo ng {1} diamonds.
538	Kumokonekta pa rin — subukan ulit sa ilang sandali
539	Wala pa ring signal mula sa host — maaaring natapos na nila, o may problema sa koneksyon.
540	Store
541	Hindi nahanap ang stream
542	Pamagat ng Stream
543	Mga Stream
544	Isumite
545	Isumite ang Aplikasyon
546	Isumite para sa pag-verify
547	Mga Mungkahi
548	Support
549	Suportahan ang mga paborito mong creator gamit ang virtual gift at umakyat sa mga ranking.
550	Kumuha ng Larawan
551	Makipag-usap sa mga live room at audio room
552	Teen Patti
553	Terms of Service
554	Hindi gumana ang code na iyon — subukan ulit
555	Nagamit na ang code na iyon
556	Na-disable ang code na iyon
557	Nag-expire na ang code na iyon
558	Hindi mabuksan ang file na iyon mula rito.
559	Kinuha na ang Lucky ID na iyon
560	Hindi available ang Lucky ID na iyon
561	ang agency
562	Inalis ka ng host sa live na ito.
563	Inalis ka ng host sa upuan mo
564	Mag-e-expire ang link sa loob ng 15 minuto. Tingnan ang spam folder mo kung hindi mo ito makita.
565	Nabigo ang request ({0}).
566	Tumatanggap ng bayad ang mga seller na ito sa labas ng app (cash / UPI) at direkta nilang ini-credit ang coins mo. Mag-message sa isa sa WhatsApp para ayusin ang pagbili.
567	Aalis na sila ngayon at hindi na makakabalik sa live na ito.
568	Kailangan nilang tumanggap bago magsimula ang battle
569	Aalisin sila sa live na ito at hindi na makakabalik.
570	Na-ban ang account na ito.
571	Na-ban ang device na ito {0}.
572	Hindi live ang host na ito ngayon
573	Account ito ng admin panel. Mag-sign in na lang sa admin panel.
574	Medyo mas matagal ito kaysa inaasahan.
575	Hindi pa nalalathala ang pahinang ito.
576	Permanenteng aalisin nito ang profile, mga stream, chat, wallet at kasaysayan ng gift mo. Pinoproseso namin ang mga request sa loob ng 7 araw. Hindi na ito mababawi — sigurado ka ba?
577	Okupado na ang upuang ito
578	Naka-lock ang upuang ito
579	Hindi live ang stream na ito
580	Para palitan ang password mo, magpapadala kami ng reset link sa email mo.
581	Ngayon
582	Mga Tool
583	Kabuuang Referral Reward
584	Kasaysayan ng Transaksyon
585	Trending Ngayon
586	Mag-type ng mensahe…
587	Mag-type para maghanap ng tao
588	Hindi available
589	I-unblock
590	I-unlink
591	I-unlock ang upuan
592	I-unmute
593	I-unpin
594	hanggang {0}
596	Username
597	I-verify ang OTP
598	I-verify ang pagkakakilanlan mo para ma-unlock ang withdrawal at verified badge.
599	Video
600	VIP  ·  Marangyang Pribilehiyo
601	Para sa VIP lang
602	Bumisita {0}
603	Voice Control
604	Mga voice effect
605	Voter ID
606	Naghihintay ng kalaban
607	Naghihintay na aprubahan ka ni {0}. Makakapag-go live ka agad kapag ginawa nila.
608	Naghihintay kay {0}…
609	Naghihintay…
610	Wallet
611	Wallet at Kita
612	Wallet at Mga Transaksyon
613	Wallet / PayPal
614	Manood ng Live
615	Pinapanood ngayon
616	Nagpadala kami ng confirmation link sa {0}. I-tap ito, saka bumalik at mag-login.
617	Babalik kami sa lalong madaling panahon.
618	Babalik agad kami
619	Nasa maintenance kami ngayon kaya hindi available ang pag-sign in. Pakisubukan ulit sa ilang sandali.
620	Nagpadala kami ng 6-digit na code sa\n{0}
621	Nagpadala kami ng password reset link sa\n{0}
622	Wealth
623	Lingguhan
624	Welcome Back!
625	Tungkol saan ang stream mo?
626	WhatsApp
627	WhatsApp Number
628	Pumuti
629	Sino ang nag-refer sa iyo, kung mayroon
630	Mga Withdrawal
631	Paparating na ang mga withdrawal
632	Wow
633	Magsulat muna ng mensahe
634	Sumulat sa support…
635	Ikaw
636	Na-ban ka sa live {0}.
637	Verified ka ✓
638	Hindi ka maaaring sumali sa live na ito.
639	Wala kang aktibong kopya ng item na ito
640	Wala ka pang pagmamay-ari
641	Inalis ka ng host sa mga upuan ng room na ito
642	Wala kang na-block.
643	Wala ka pang naipadalang feedback.
644	Natalo ka
645	Kailangang naka-sign in para mag-go live
646	Nag-stream ka nang {0} sa {1} na viewer.
647	Na-sign out ka dahil naka-sign in ang account mo sa ibang device.
648	Nanalo ka! 🏆
649	Nanalo ka ng {0} diamonds mula sa live na ito. Magaling!
650	Handa ka na!
651	Live ka pa rin sa room ni {0} — tapusin o balikan muna ito bago magsimula o sumali sa iba.
652	Nanonood ka ng live — tumutugtog ang audio
653	Ikaw: {0}
654	ang account mo
655	Na-ban ang account mo {0}.
656	ang agency mo
657	Aprubado na ang agency mo na "{0}" ✓
658	Sinusuri ang aplikasyon mo para sa "{0}".
659	Hindi naaprubahan ang aplikasyon mo para sa "{0}".
660	Coin balance mo
661	Feedback Mo
662	Frame mo
663	Binawi ang host access mo. Makipag-ugnayan sa agency mo.
664	Lucky ID mo: {0}{1}
665	Matagumpay na na-verify ang numero mo.
666	Nag-expire ang session mo. Mag-sign in ulit.
667	Valid ang verification code mo sa loob ng 10 minuto.
668	Sinusuri ang verification mo.
669	Nakakuha ng {0} badge
670	Na-ban si {0} sa mga upuan
671	{0} coins
672	Nadagdag ang {0} coins
673	{0} araw
674	{0} araw ang nakalipas
675	Tinanggihan ni {0} ang request mo. Maaari kang sumubok ulit o ipadala ito sa ibang agency.
676	{0} diamonds
677	Tinapos ni {0} ang live
678	Pumasok si {0} gamit ang {1}
679	{0} sa room · {1} sa upuan
680	{0} imbitasyon
681	Demo host si {0} — hindi pa maaaring magpadala ng gift.
682	Paparating na ang {0}
683	Naka-live si {0} sa SABALIVE — sumali na!
684	Ang {0} na ang ID mo!
685	Sa iyo na ang {0}
686	Sumali si {0}
687	{0} Level {1}
688	{0} level {1}
689	{0} live
690	Nabili ang {0}!
691	Inalis si {0} sa upuan
692	Nagpadala si {0} ng {1}
693	Nagpadala si {0} ng {1} x{2}
694	{0} viewer
695	Inalis si {0}
696	{0} ang nanonood · {1} sa upuan
697	Panalo si {0}! 🏆
698	Hindi na makakaupo si {0} sa stream na ito.
699	{0} XP
700	{0} — paparating na
702	🎁 Nagpadala ng gift
703	🔴 Live Ngayon

704	+{0} bonus
705	1 araw ang nakalipas
706	sumali
707	umalis
708	Hindi makakonekta sa live service ngayon. Pakisubukan ulit sa ilang sandali.
709	Nag-expire na ang koneksyon mo sa room na ito. Pakilabas at sumali ulit.
710	Tingnan ang profile
711	Hindi available ang Google sign-in sa phone na ito ngayon. Gamitin na lang ang iyong email o numero ng telepono.
712	Tingnan ang iyong internet connection at subukan ulit.
713	May nangyaring mali sa device na ito. Pakisubukan ulit.
714	Kailangan ng update
715	May mas bagong bersyon na ng SABALIVE. Paki-update para magamit pa rin ang app.
716	I-update ngayon
