0	लकी ID आपके पास रहने तक हर जगह आपकी ऐप ID की जगह लेती है। इसके खत्म होने पर आपकी अपनी ID वापस आ जाती है।
1	नोटिस अधिकतम 120 अक्षरों का हो सकता है
2	आधार
3	SABALIVE के बारे में
4	स्वीकार करें
5	एक्सेस रद्द किया गया
6	खाता
7	खाता और सुरक्षा
8	5 जोड़ें
9	लोगों को जोड़ें
10	बनाने के लिए लोगों को जोड़ें
11	एजेंसी
12	एजेंसी ID
13	एजेंसी का नाम
14	एजेंसी का नाम, धारक का नाम और WhatsApp नंबर ज़रूरी हैं
15	सभी
16	सभी बैज
17	सभी {0} लेवल
18	एक्सेस दें
19	पहले से खाता है? 
20	आप पहले से एक लाइव में हैं
21	राशि (कॉइन्स)
22	प्रतिद्वंद्वी मिल गया — जल्द शुरू होगा
23	गुस्सा
24	ऐप में त्रुटि
25	Apple
26	आवेदन समीक्षा के लिए भेज दिया गया
27	एजेंसी के लिए आवेदन करें
28	मंज़ूर करें
29	अप्रैल
31	हमसे कुछ भी पूछें — कोई समस्या, भुगतान या सवाल। सपोर्ट टीम यहीं जवाब देगी।
32	कम से कम 8 अक्षर
33	ऑडियो
34	अगस्त
35	निकासी के लिए उपलब्ध
36	समीक्षा की प्रतीक्षा में
37	लॉगिन पर वापस जाएँ
38	बैज
39	बैज
40	प्रतिबंधित करें
41	सीट से प्रतिबंधित करें
42	सीट से प्रतिबंधित करें?
44	बैटल खत्म हुआ
45	बैटल लाइव नहीं है
46	ब्यूटी
47	सबसे बढ़िया वैल्यू
48	बायो
49	ब्लॉक करें
50	दर्शक को ब्लॉक करें
51	ब्लॉक किए गए यूज़र
52	{0} को ब्लॉक किया
53	अपने पल लाइव दिखाएँ, फ़ैंस से जुड़ें और दुनिया भर में अपना समुदाय बढ़ाएँ।
54	कॉइन्स खरीदें
55	ऑफ़लाइन विक्रेता से खरीदें
56	कॉल अस्वीकार की गई
57	कॉल कनेक्ट नहीं हो सकी
58	कैमरा
59	लाइव जाने के लिए कैमरा और माइक्रोफ़ोन की अनुमति ज़रूरी है
60	आप अपना एकमात्र साइन-इन तरीका अनलिंक नहीं कर सकते
61	रद्द करें
62	इस यूज़र को कॉल नहीं कर सकते
63	कार्ड
64	दुर्लभ मछलियों के लिए कास्ट करें
65	श्रेणियाँ
66	किसी PK स्ट्रीमर को चुनौती दें
67	मेरे अखाड़े का वॉलपेपर बदलें
68	नंबर बदलें
69	फ़ोटो बदलें
70	चार्म
71	चैट
72	सबके लिए चैट साफ़ कर दी गई
73	सपोर्ट से चैट करें
74	चैटिंग
75	फिर से जाँचें
76	स्थिति देखें
77	अपना इनबॉक्स देखें
78	उनका हौसला बढ़ाएँ…
79	रविवार की चिल वाइब्स
80	भाषा चुनें
81	गैलरी से चुनें
82	गाने चुनें
83	अपना वॉलपेपर चुनें
84	क्लेम करें
85	तालियाँ
86	क्लासिक 3-कार्ड गेम
87	चैट साफ़ करें
88	बंद करें
89	कोड नहीं मिला
90	कॉइन बैग
91	कॉइन बैलेंस
92	कॉइन खरीदारी जल्द आ रही है
93	कॉइन्स
94	अपना ईमेल कन्फ़र्म करें
95	जुड़ें और चैट करें
96	कनेक्ट हो रहा है…
97	संपर्क जानकारी (वैकल्पिक)
98	जारी रखें
99	"{0}" कॉपी किया गया
100	लिंक कॉपी करें
101	विक्रेता लोड नहीं हो सके — दोबारा कोशिश के लिए खींचें।
102	म्यूज़िक पिकर नहीं खुल सका।
103	WhatsApp नहीं खुल सका
104	{0} नहीं चल सका।
105	रीसेट ईमेल नहीं भेजा जा सका
106	आपका अनुरोध जमा नहीं हो सका, कृपया दोबारा कोशिश करें
107	आपका खाता सत्यापित नहीं हो सका। अपना कनेक्शन जाँचें और फिर कोशिश करें।
108	देश
109	खाता बनाएँ
110	ग्रुप बनाएँ ({0})
111	अपना खाता बनाएँ
112	क्रिएटर डैशबोर्ड
113	दैनिक
114	खतरनाक क्षेत्र
115	जन्म तिथि
116	दिसंबर
117	अस्वीकार करें
118	हटाएँ
119	खाता हटाएँ
120	मेरा खाता हटाएँ
121	हटाने का अनुरोध मिल गया — आपका खाता 7 दिनों में हटा दिया जाएगा
122	डायमंड
123	डाइस ड्यूल
124	खारिज करें
125	दस्तावेज़ नंबर / संदर्भ (वैकल्पिक)
126	दस्तावेज़ का प्रकार
127	खाता नहीं है? 
128	ड्रॉ!
129	ड्राइविंग लाइसेंस
130	जैसे आखिरी 4 अंक
131	इन्हें स्ट्रीमिंग और उपहार देकर कमाएँ
132	कमाई की जानकारी
133	प्रोफ़ाइल संपादित करें
134	इफ़ेक्ट्स
135	ईमेल
136	ईमेल / फ़ोन
137	ईमेल पता
138	ईमेल या फ़ोन नंबर
139	इमोजी
140	खत्म करें
141	लाइव स्ट्रीम खत्म करें?
142	PK बैटल खत्म करें?
144	मान्य राशि दर्ज करें
145	मान्य प्राप्तकर्ता ID दर्ज करें
146	कोड दर्ज करें
147	OTP दर्ज करें
148	जारी रखने के लिए 6 अंकों का कोड दर्ज करें
149	एजेंसी ID दर्ज करें, केवल अंक
150	अपनी एजेंसी ID दर्ज करें
151	अपना ईमेल पता दर्ज करें
152	अपना फ़ोन नंबर दर्ज करें
153	पहले ऊपर अपना फ़ोन नंबर दर्ज करें
154	अपना पंजीकृत {0} दर्ज करें, हम पासवर्ड रीसेट करने में आपकी मदद करेंगे।
155	एंट्री
156	लगाएँ
157	अनुमानित कमाई
158	इवेंट
159	समाप्ति: {0}/{1}/{2}
160	पूरा होने की संभावित तिथि: {0}
161	Facebook
162	परिवार
163	फ़ैंस
164	फ़रवरी
165	फ़ीडबैक
166	फ़ीडबैक भेज दिया गया — धन्यवाद!
167	फ़ीडबैक का प्रकार
168	महिला
170	अंतिम स्कोर  {0}  बनाम  {1}
171	आग
172	मछली पकड़ना
173	फ़ॉलो करें
174	फ़ॉलो करें और छोड़ें
175	फ़ॉलोअर्स
176	फ़ॉलोइंग
177	पासवर्ड भूल गए?
178	फ़्रेम
179	फ़्रेम्स
180	मुफ़्त
181	फ्रूट लूट
182	पूरा नाम
183	मज़ेदार आवाज़
184	गेम्स
185	गेम्स जल्द आ रहे हैं — आप इन्हें रूम में लाइव खेल सकेंगे और कॉइन्स लगा सकेंगे।
186	गैराज
187	लिंग
188	शुरू करें
191	GIF
192	उपहार
193	उपहार देने वाले
194	उपहार (30 दिन)
195	लाइव जाएँ
196	लाइव जाएँ और अपना वीडियो दिखाएँ
197	लाइव जाएँ।\nस्टार बनें!
198	लाइव जाएँ। स्टार बनें!
199	स्टोर पर जाएँ
200	लाइव जाने की सुविधा एजेंसी देती है। अपनी एजेंसी की दी हुई ID दर्ज करें, उन्हें आपका अनुरोध मिल जाएगा।
201	Google
202	Google साइन-इन से ID टोकन नहीं मिला
203	ग्रुप
204	ग्रुप का नाम (वैकल्पिक)
205	उत्पीड़न या धमकाना
206	चैटरूम में शामिल हुए
207	नफ़रत भरी भाषा
208	दोस्त का कोड है?
209	दिल
210	सहायता और FAQ
211	सहायता और सपोर्ट
212	नमस्ते {0}, मैं SABALIVE कॉइन्स खरीदना चाहता/चाहती हूँ।
214	धारक का नाम
215	होम
216	हुर्रे
217	होस्ट
218	होस्ट एक्सेस
219	होस्ट बनाम होस्ट बैटल
220	होस्ट
221	सौ
222	मैं सेवा की शर्तों और गोपनीयता नीति से सहमत हूँ
223	ID {0} · लेवल {1}
224	ID: {0}
225	पहचान सत्यापन
226	किसी और का रूप धरना
227	कॉल में
228	जारी है
229	इनबॉक्स
230	आने वाली {0} कॉल
231	Instagram
232	Instagram इंस्टॉल नहीं है — लिंक कॉपी कर दिया गया
233	कॉइन्स पर्याप्त नहीं हैं
234	डायमंड पर्याप्त नहीं हैं
235	अमान्य रेफ़रल कोड
236	दोस्त को आमंत्रित करें
237	प्रतिद्वंद्वी को आमंत्रित करें
238	दोस्तों को SABALIVE पर बुलाएँ और जब वे आपके कोड से जुड़ें तो कॉइन्स कमाएँ!
239	PK के लिए आमंत्रित करें
240	आमंत्रण भेज दिया गया
241	किसी को आमंत्रित करें
242	यह ड्रॉ है!
243	आइटम नहीं मिला
244	जनवरी
245	कॉल में शामिल हों
246	SABALIVE पर मेरे साथ जुड़ें! {0}
247	दुनिया भर के लाखों स्ट्रीमर्स और फ़ैंस से जुड़ें।
248	जुलाई
249	जून
250	जारी रखें
251	गाना चलते समय अपना माइक चालू रखें
252	सीट से हटाएँ
253	जब कोई संदेश भेजे या लाइव आए तो जानें
254	KYC समीक्षा के लिए भेज दिया गया
255	भाषा
256	भाषा चयन
257	हँसी
258	छोड़ें
259	लाइव छोड़ें?
260	अभी से जा रहे हैं?
261	लेवल {0}
262	कुल उपहार
263	पसंद
264	लिंक कॉपी किया गया
265	लिंक कॉपी किया गया — Instagram में पेस्ट करें
266	लिंक किया हुआ
267	लिंक किए गए खाते
268	लाइव
269	लाइव बैटल
270	अभी लाइव
271	अभी लाइव
272	लाइव स्ट्रीमिंग, कॉल और वर्चुअल उपहार।
273	लाइव उपलब्ध नहीं
274	लाइव, संदेश, उपहार और वॉलेट गतिविधि
275	स्थान
276	सीट लॉक करें
277	लॉक है
278	लॉगिन
279	अपना सफ़र जारी रखने के लिए लॉगिन करें
280	OTP से लॉगिन करें
281	प्यार
282	लकी बॉक्स
283	लकी बॉक्स खुला, {0} डायमंड जीते
284	लकी बॉक्स, {0}
285	लकी ID
286	लकी स्पिन
287	लेवल {0}
288	मेंटेनेंस जारी है
289	मेंटेनेंस जारी है · {0} बाकी
290	मेंटेनेंस {0} में शुरू होगा
291	लाइव चैट और निजी संदेशों से असली रिश्ते बनाएँ।
292	पुरुष
293	मार्च
294	सभी पढ़ा हुआ करें
295	मैच करें और बढ़ाएँ
296	अधिकतम लेवल पर पहुँच गए
297	मई
298	मैं
299	संदेश
300	संदेश सूचनाएँ
301	संदेश
302	माइक्रोफ़ोन
303	माइक्रोफ़ोन म्यूट है
304	माइक्रोफ़ोन चालू है
305	माइक्रोफ़ोन/कैमरा अनुमति ज़रूरी है
306	छोटा करें
307	मोबाइल
308	मासिक
309	और
310	म्यूज़िक
311	साइन इन होना ज़रूरी है
312	म्यूट करें
313	मेरा बैग
314	मेरा फ़ीडबैक
315	मेरे आमंत्रण
316	मेरा लेवल
317	मेरी प्रोफ़ाइल
318	अल्फ़ा के दौरान मदद चाहिए? support@sabalive.app पर ईमेल करें और अपना यूज़रनेम तथा आप क्या कर रहे थे, यह लिखें।
320	नेट बैंकिंग
321	नया
322	नया ग्रुप
323	नया ग्रुप
324	नया संदेश
325	नया संदेश
326	अगला
328	इस ID की कोई एजेंसी नहीं मिली
329	इस अवधि के लिए अभी कोई एजेंसी रैंकिंग नहीं है।
330	अभी कोई बैज नहीं
331	अभी कोई बातचीत नहीं।\nशुरू करने के लिए लिखने वाले आइकन पर टैप करें।
332	अभी कोई इमोजी उपलब्ध नहीं
333	अभी कोई खाली सीट नहीं
334	अभी कोई फ़ॉलोअर नहीं।
335	कोई फ़्रेम नहीं लगा
336	अभी कोई फ़्रेम नहीं
337	इस अवधि के लिए अभी कोई उपहार देने वालों की रैंकिंग नहीं है।
338	इस अवधि के लिए अभी कोई होस्ट रैंकिंग नहीं है।
339	अभी कोई आमंत्रण नहीं
340	कोई लिंक किया खाता नहीं मिला
341	इस श्रेणी में अभी कोई लाइव रूम नहीं है।
342	कोई लाइव रूम मेल नहीं खाता
343	अभी कोई लाइव रूम नहीं
344	अभी बिक्री के लिए कोई लकी ID नहीं
345	"{0}" के लिए कोई नतीजा नहीं।
346	कोई संदेश अनुरोध नहीं।
347	अभी कोई संदेश नहीं। नमस्ते कहें 👋
348	अभी कोई सूचना नहीं।
349	अभी PK मोड में कोई और लाइव नहीं है।
350	अभी तक किसी ने शामिल होने को नहीं कहा।
351	अभी कोई नहीं देख रहा।
352	अभी कोई लाइव नहीं — पहले आप बनें!
353	अभी कोई प्रतिद्वंद्वी नहीं — अकेले PK
354	कोई लंबित सीट अनुरोध नहीं
355	कोई लोग नहीं मिले
356	अभी कोई विक्रेता सूचीबद्ध नहीं — जल्द फिर देखें।
357	कोई गाना नहीं चल रहा
358	अभी कोई स्ट्रीम नहीं — शुरू करने के लिए लाइव जाएँ पर टैप करें।
359	अभी कोई ट्रांसफ़र नहीं।
360	अभी कोई विज़िटर नहीं — आपकी प्रोफ़ाइल देखने वाले यहाँ दिखेंगे।
361	अभी कोई निकासी अनुरोध नहीं।
362	क्र. {0}
363	आप जिन्हें फ़ॉलो करते हैं उनमें से कोई अभी लाइव नहीं है।
364	आपके बैलेंस में पर्याप्त कॉइन्स नहीं हैं
365	कॉइन्स पर्याप्त नहीं — टॉप अप करें
366	अभी किसी को फ़ॉलो नहीं कर रहे।
367	अभी नहीं
368	नोट (वैकल्पिक)
369	यहाँ अभी कुछ नहीं
370	नोटिस
371	नोटिस पिन किया गया
372	नोटिस अनपिन किया गया
373	सूचनाएँ
374	नवंबर
375	नग्नता या यौन सामग्री
376	अक्टूबर
377	ऑफ़लाइन कॉइन विक्रेता
378	एक अंक
379	एक विशेष चिह्न
380	एक बड़ा अक्षर
381	सिर्फ़ मुझे सुनाई दे
382	केवल होस्ट चैट साफ़ कर सकता है
383	केवल होस्ट यह कर सकता है
384	केवल होस्ट नोटिस पिन कर सकता है
385	खुल रहा है…
386	प्रतिद्वंद्वी
387	या इनसे जारी रखें
388	ऑर्डर #…
389	अन्य
390	पार्टी
391	पासपोर्ट
392	पासवर्ड
393	मोबाइल नंबर से पासवर्ड रीसेट जल्द आ रहा है — अभी ईमेल का उपयोग करें
394	पासवर्ड रीसेट ईमेल भेज दिया गया
395	{0} चुकाएँ  ·  {1} कॉइन्स
396	भुगतान का तरीका
397	लंबित
398	लोग
399	फ़ोन
400	चुनौती देने के लिए कोई दूसरी स्ट्रीम चुनें
401	प्राप्तकर्ता के रूप में किसी और को चुनें
402	चुनें किसे भेजना है
403	पिन करें
404	दर्शकों के लिए संदेश पिन करें
405	PK अखाड़ा
406	PK बैटल
407	PK बैटल सेटिंग्स
408	PK बैटल
409	PK बैटल जल्द आ रहे हैं
410	म्यूज़िक चलाएँ
411	कृपया अपना फ़ीडबैक विस्तार से बताएँ…
412	लोकप्रिय
414	पसंद
415	पिछला आवेदन अस्वीकार हुआ था — आप दोबारा जमा कर सकते हैं।
416	गोपनीयता और सुरक्षा
417	गोपनीयता नीति
418	निजी खाता
419	प्रोफ़ाइल
420	प्रोफ़ाइल फ़्रेम्स
421	प्रोफ़ाइल फ़्रेम्स
422	प्रोफ़ाइल अपडेट हो गई
423	प्रोफ़ाइल विज़िटर
424	लेवल {0} तक प्रगति
425	पुश सूचनाएँ
426	मात्रा
427	रैंडम PK
428	रैंकिंग
429	पढ़ने की रसीदें
430	हाल की स्ट्रीम
431	हाल के ट्रांसफ़र
432	प्राप्तकर्ता ID
433	प्राप्तकर्ता नहीं मिला
434	सुझाया गया
435	दोबारा कनेक्ट हो रहा है…
436	रिडीम करें
437	लालिमा
438	संदर्भ (वैकल्पिक)
439	रेफ़रल कोड रिडीम हो गया!
440	मुझे याद रखें
441	हटाएँ
442	5 हटाएँ
443	दर्शक को हटाएँ
444	{0} को हटाएँ?
445	रिपोर्ट करें
446	रिपोर्ट का कारण
447	रिपोर्ट भेज दी गई — धन्यवाद
448	दूसरी एजेंसी का अनुरोध करें
449	अनुरोध भेज दिया गया
450	{0} को अनुरोध भेजा गया
451	अनुरोध भेज दिया — होस्ट का इंतज़ार है
452	निकासी का अनुरोध करें
453	अनुरोध
454	अनुरोध ({0})
455	OTP दोबारा भेजें
456	00:{0} में OTP दोबारा भेजें
457	सुलझ गया
458	दोबारा कोशिश करें
459	लाइव पर लौटें
460	घंटी बज रही है…
461	रूम के खिलाफ़ पासा फेंकें
462	रूम इफ़ेक्ट्स
463	रूम ID: {0}
464	रूम नोटिस
465	रूम स्किन
466	रूम स्किन
467	रूम स्किन्स
468	SABALIVE इनके साथ सबसे अच्छा चलता है। आप इन्हें कभी भी अपने फ़ोन की सेटिंग्स में बदल सकते हैं।
469	उदास
470	बदलाव सहेजें
471	नमस्ते कहें 👋
472	नमस्ते कहें!
473	कुछ कहें
474	कुछ अच्छा कहें…
475	कोड {0} से जुड़ने के लिए स्कैन करें
476	नाम या @यूज़रनेम से खोजें
477	नाम या यूज़र ID से खोजें
478	नाम या यूज़र ID से लोगों को खोजें
479	संदेश खोजें
480	सीट आमंत्रण
481	सीट अनुरोध
482	सीट {0}
483	सीट {0} लॉक है
484	सीट {0} भरी हुई है
485	सीट {0} के अनुरोध
487	सीट {0} · {1}
488	सभी देखें
489	जन्म तिथि चुनें
490	कॉइन्स बेचें
491	भेजें
492	उपहार भेजें
493	उपहार भेजें
494	सबको भेजें · {0}
495	कॉइन्स भेजें
496	उपहार भेजें,\nप्यार फैलाएँ
497	अनुरोध भेजें
498	रीसेट लिंक भेजें
499	रीसेट लिंक भेजें
500	किसे भेजें
501	भेजें · {0}
502	उपहार भेजा
503	स्टिकर भेजा
504	सबको {0} भेजा
505	{0} भेजा
506	ID {1} को {0} कॉइन्स भेजे
507	{0} {1} भेजा
508	{0} x {1} भेजा
509	{0} x {1} {2} भेजा
510	सितंबर
511	सेटिंग्स
512	शेयर करें
513	अपना कोड शेयर करें, आपके इनाम यहाँ दिखेंगे।
514	शार्प करें
515	पहले साइन इन करें
516	साइन आउट
517	साइन अप
518	{0} के रूप में साइन इन
519	यहाँ बैठें
520	छोड़ें
521	स्मूद
522	अकेले PK
523	कोई
524	किसी ने अभी वह सीट ले ली
525	कुछ और
526	आपके फ़ोन के गाने। गाना चलते समय अपना माइक चालू रखें — गाना आपकी आवाज़ के साथ जाता है।
527	स्पैम या धोखाधड़ी
528	स्पीकर
529	स्पीकर बंद
530	स्पीकर चालू
531	घुमाएँ और कॉइन्स व उपहार जीतें
532	ऑडियो रूम शुरू करें
533	लाइव शुरू करें
534	PK बैटल शुरू करें
535	शुरू हो रहा है…
536	रुकें
537	इस स्ट्रीम में बिना रुके {0} मिनट लाइव रहें और {1} डायमंड जीतें।
538	अभी कनेक्ट हो रहा है — थोड़ी देर में फिर कोशिश करें
539	होस्ट की ओर से अभी भी कुछ नहीं आया — हो सकता है लाइव खत्म हो गया हो, या कनेक्शन में समस्या हो।
540	स्टोर
541	स्ट्रीम नहीं मिली
542	स्ट्रीम का शीर्षक
543	स्ट्रीम
544	जमा करें
545	आवेदन जमा करें
546	सत्यापन के लिए जमा करें
547	सुझाव
548	सपोर्ट
549	वर्चुअल उपहारों से अपने पसंदीदा क्रिएटर्स का समर्थन करें और रैंकिंग में ऊपर चढ़ें।
550	फ़ोटो लें
551	लाइव रूम और ऑडियो रूम में बात करें
552	टीन पत्ती
553	सेवा की शर्तें
554	वह कोड काम नहीं किया — दोबारा कोशिश करें
555	वह कोड पहले ही इस्तेमाल हो चुका है
556	वह कोड बंद कर दिया गया है
557	वह कोड समाप्त हो चुका है
558	वह फ़ाइल यहाँ से खोली नहीं जा सकी।
559	वह लकी ID पहले ही ली जा चुकी है
560	वह लकी ID उपलब्ध नहीं है
561	एजेंसी
562	होस्ट ने आपको इस लाइव से हटा दिया।
563	होस्ट ने आपको आपकी सीट से हटा दिया
564	लिंक 15 मिनट में समाप्त हो जाएगा। अगर न दिखे तो अपना स्पैम फ़ोल्डर देखें।
565	अनुरोध विफल रहा ({0})।
566	ये विक्रेता भुगतान ऐप के बाहर (नकद / UPI) लेते हैं और आपके कॉइन्स सीधे क्रेडिट करते हैं। खरीद तय करने के लिए WhatsApp पर किसी को संदेश भेजें।
567	वे अभी जाएँगे और इस लाइव में दोबारा नहीं आ सकेंगे।
568	बैटल शुरू होने से पहले उन्हें स्वीकार करना होगा
569	उन्हें इस लाइव से हटा दिया जाएगा और वे दोबारा शामिल नहीं हो सकेंगे।
570	यह खाता प्रतिबंधित है।
571	यह डिवाइस {0} प्रतिबंधित है।
572	यह होस्ट अभी लाइव नहीं है
573	यह एडमिन-पैनल खाता है। इसके बजाय एडमिन पैनल से साइन इन करें।
574	इसमें अपेक्षा से थोड़ा ज़्यादा समय लग रहा है।
575	यह पेज अभी प्रकाशित नहीं हुआ है।
576	यह आपकी प्रोफ़ाइल, स्ट्रीम, चैट, वॉलेट और उपहार इतिहास को हमेशा के लिए हटा देगा। हम अनुरोध 7 दिनों में पूरा करते हैं। इसे वापस नहीं किया जा सकता — क्या आप निश्चित हैं?
577	यह सीट पहले ही भरी हुई है
578	यह सीट लॉक है
579	यह स्ट्रीम लाइव नहीं है
580	पासवर्ड बदलने के लिए हम आपको रीसेट लिंक ईमेल करेंगे।
581	आज
582	टूल्स
583	कुल रेफ़रल इनाम
584	लेनदेन इतिहास
585	अभी ट्रेंडिंग
586	संदेश लिखें…
587	लोगों को खोजने के लिए लिखें
588	उपलब्ध नहीं
589	अनब्लॉक करें
590	अनलिंक करें
591	सीट अनलॉक करें
592	अनम्यूट करें
593	अनपिन करें
594	{0} तक
596	यूज़रनेम
597	OTP सत्यापित करें
598	निकासी और वेरिफ़ाइड बैज अनलॉक करने के लिए अपनी पहचान सत्यापित करें।
599	वीडियो
600	VIP  ·  शानदार विशेषाधिकार
601	केवल VIP के लिए
602	{0} को देखा
603	वॉइस कंट्रोल
604	वॉइस इफ़ेक्ट्स
605	वोटर ID
606	प्रतिद्वंद्वी की प्रतीक्षा
607	{0} के आपको मंज़ूर करने की प्रतीक्षा है। उनके मंज़ूर करते ही आप लाइव जा सकेंगे।
608	{0} की प्रतीक्षा…
609	प्रतीक्षा…
610	वॉलेट
611	वॉलेट और कमाई
612	वॉलेट और लेनदेन
613	वॉलेट / PayPal
614	लाइव देखें
615	अभी देख रहे हैं
616	हमने {0} पर पुष्टि लिंक भेजा है। उस पर टैप करें, फिर वापस आकर लॉगिन करें।
617	हम जल्द से जल्द वापस आएँगे।
618	हम अभी लौटते हैं
619	अभी मेंटेनेंस चल रहा है, इसलिए साइन इन उपलब्ध नहीं है। कृपया थोड़ी देर में दोबारा कोशिश करें।
620	हमने 6 अंकों का कोड भेजा है\n{0}
621	हमने पासवर्ड रीसेट लिंक भेजा है\n{0}
622	वेल्थ
623	साप्ताहिक
624	वापसी पर स्वागत है!
625	आपकी स्ट्रीम किस बारे में है?
626	WhatsApp
627	WhatsApp नंबर
628	गोरा करें
629	आपको किसने बताया, अगर कोई हो
630	निकासी
631	निकासी जल्द आ रही है
632	वाह
633	पहले एक संदेश लिखें
634	सपोर्ट को लिखें…
635	आप
636	आप लाइव से {0} प्रतिबंधित हैं।
637	आप सत्यापित हैं ✓
638	आप इस लाइव में शामिल नहीं हो सकते।
639	इस आइटम की कोई सक्रिय कॉपी आपके पास नहीं है
640	आपके पास अभी कुछ नहीं है
641	होस्ट ने आपको इस रूम की सीटों से हटा दिया है
642	आपने किसी को ब्लॉक नहीं किया है।
643	आपने अभी तक कोई फ़ीडबैक नहीं भेजा।
644	आप हार गए
645	लाइव जाने के लिए साइन इन होना ज़रूरी है
646	आपने {1} दर्शकों के लिए {0} तक स्ट्रीम की।
647	आपको साइन आउट कर दिया गया क्योंकि आपका खाता किसी दूसरे डिवाइस पर साइन इन हुआ।
648	आप जीते! 🏆
649	आपने इस लाइव से {0} डायमंड जीते। शाबाश!
650	आप तैयार हैं!
651	आप अभी भी {0} के रूम में लाइव हैं — दूसरा शुरू करने या जुड़ने से पहले इसे खत्म करें या इसमें लौटें।
652	आप लाइव देख रहे हैं — ऑडियो चल रहा है
653	आप: {0}
654	आपका खाता
655	आपका खाता {0} प्रतिबंधित है।
656	आपकी एजेंसी
657	आपकी एजेंसी "{0}" मंज़ूर हो गई ✓
658	"{0}" के लिए आपका आवेदन समीक्षा में है।
659	"{0}" के लिए आपका आवेदन मंज़ूर नहीं हुआ।
660	आपका कॉइन बैलेंस
661	आपका फ़ीडबैक
662	आपका फ़्रेम
663	आपका होस्ट एक्सेस वापस ले लिया गया है। अपनी एजेंसी से संपर्क करें।
664	आपकी लकी ID: {0}{1}
665	आपका नंबर सफलतापूर्वक सत्यापित हो गया।
666	आपका सत्र समाप्त हो गया है। कृपया दोबारा साइन इन करें।
667	आपका सत्यापन कोड 10 मिनट के लिए मान्य है।
668	आपका सत्यापन समीक्षा में है।
669	{0} बैज मिले
670	{0} को सीट से प्रतिबंधित किया
671	{0} कॉइन्स
672	{0} कॉइन्स जोड़े गए
673	{0} दिन
674	{0} दिन पहले
675	{0} ने आपका अनुरोध अस्वीकार कर दिया। आप दोबारा कोशिश कर सकते हैं या किसी दूसरी एजेंसी को भेज सकते हैं।
676	{0} डायमंड
677	{0} ने लाइव खत्म किया
678	{0} {1} के साथ आए
679	रूम में {0} · सीट पर {1}
680	{0} आमंत्रण
681	{0} एक डेमो होस्ट है — अभी उपहार नहीं भेजे जा सकते।
682	{0} जल्द आ रहा है
683	{0} SABALIVE पर लाइव है — अभी जुड़ें!
684	{0} अब आपकी ID है!
685	{0} आपका है
686	{0} शामिल हुए
687	{0} लेवल {1}
688	{0} लेवल {1}
689	{0} लाइव
690	{0} खरीद लिया गया!
691	{0} को सीट से हटाया गया
692	{0} ने {1} भेजा
693	{0} ने {1} x{2} भेजा
694	{0} दर्शक
695	{0} को हटा दिया गया
696	{0} देख रहे हैं · {1} सीट पर
697	{0} जीते! 🏆
698	{0} इस स्ट्रीम में दोबारा सीट नहीं ले पाएँगे।
699	{0} XP
700	{0} — जल्द आ रहा है
702	🎁 उपहार भेजा
703	🔴 अभी लाइव

704	+{0} बोनस
705	1 दिन पहले
706	शामिल हुए
707	चले गए
