0	लकी ID तपाईंसँग रहेसम्म सबै ठाउँमा तपाईंको एप ID को ठाउँ लिन्छ। यो सकिएपछि तपाईंको आफ्नै ID फर्किन्छ।
1	सूचना बढीमा १२० अक्षरको हुन सक्छ
2	आधार
3	SABALIVE को बारेमा
4	स्वीकार गर्नुहोस्
5	पहुँच फिर्ता लिइयो
6	खाता
7	खाता र सुरक्षा
8	५ थप्नुहोस्
9	मानिसहरू थप्नुहोस्
10	बनाउन मानिसहरू थप्नुहोस्
11	एजेन्सी
12	एजेन्सी ID
13	एजेन्सीको नाम
14	एजेन्सीको नाम, धारकको नाम र WhatsApp नम्बर आवश्यक छन्
15	सबै
16	सबै ब्याजहरू
17	सबै {0} लेभल
18	पहुँच दिनुहोस्
19	पहिले नै खाता छ? 
20	तपाईं पहिले नै लाइभमा हुनुहुन्छ
21	रकम (कोइन)
22	प्रतिद्वन्द्वी भेटियो — चाँडै सुरु हुँदैछ
23	रिसाएको
24	एप त्रुटि
25	Apple
26	आवेदन समीक्षाका लागि पेस गरियो
27	एजेन्सीका लागि आवेदन दिनुहोस्
28	स्वीकृत गर्नुहोस्
29	अप्रिल
31	हामीलाई जे पनि सोध्नुहोस् — समस्या, भुक्तानी वा प्रश्न। सपोर्ट टोलीले यहीँ जवाफ दिनेछ।
32	कम्तीमा ८ अक्षर
33	अडियो
34	अगस्ट
35	निकासीका लागि उपलब्ध
36	समीक्षाको प्रतीक्षामा
37	लगइनमा फर्कनुहोस्
38	ब्याज
39	ब्याजहरू
40	प्रतिबन्ध लगाउनुहोस्
41	सिटबाट प्रतिबन्ध लगाउनुहोस्
42	सिटबाट प्रतिबन्ध लगाउने?
44	ब्याटल सकियो
45	ब्याटल लाइभ छैन
46	ब्युटी
47	सबैभन्दा राम्रो मूल्य
48	बायो
49	ब्लक गर्नुहोस्
50	दर्शकलाई ब्लक गर्नुहोस्
51	ब्लक गरिएका प्रयोगकर्ता
52	{0} लाई ब्लक गरियो
53	आफ्ना पलहरू प्रसारण गर्नुहोस्, फ्यानहरूसँग जोडिनुहोस् र विश्वभर आफ्नो समुदाय बढाउनुहोस्।
54	कोइन किन्नुहोस्
55	अफलाइन बिक्रेताबाट किन्नुहोस्
56	कल अस्वीकार गरियो
57	कल जोडिन सकेन
58	क्यामेरा
59	लाइभ जान क्यामेरा र माइक्रोफोनको अनुमति आवश्यक छ
60	तपाईंको एकमात्र साइन-इन तरिका अनलिङ्क गर्न सकिँदैन
61	रद्द गर्नुहोस्
62	यो प्रयोगकर्तालाई कल गर्न सकिँदैन
63	कार्ड
64	दुर्लभ माछाका लागि फाल्नुहोस्
65	श्रेणीहरू
66	PK स्ट्रिमरलाई चुनौती दिनुहोस्
67	मेरो अखडाको वालपेपर बदल्नुहोस्
68	नम्बर परिवर्तन गर्नुहोस्
69	फोटो परिवर्तन गर्नुहोस्
70	चार्म
71	च्याट
72	सबैका लागि च्याट खाली गरियो
73	सपोर्टसँग च्याट गर्नुहोस्
74	च्याटिङ
75	फेरि जाँच गर्नुहोस्
76	स्थिति हेर्नुहोस्
77	आफ्नो इनबक्स हेर्नुहोस्
78	उनीहरूलाई हौसला दिनुहोस्…
79	आइतबारको चिल भाइब्स
80	भाषा छान्नुहोस्
81	ग्यालरीबाट छान्नुहोस्
82	गीतहरू छान्नुहोस्
83	आफ्नो वालपेपर छान्नुहोस्
84	दाबी गर्नुहोस्
85	ताली
86	क्लासिक ३-कार्ड खेल
87	च्याट खाली गर्नुहोस्
88	बन्द गर्नुहोस्
89	कोड फेला परेन
90	कोइन झोला
91	कोइन ब्यालेन्स
92	कोइन खरिद चाँडै आउँदैछ
93	कोइन
94	आफ्नो इमेल पुष्टि गर्नुहोस्
95	जोडिनुहोस् र च्याट गर्नुहोस्
96	जोडिँदै…
97	सम्पर्क जानकारी (ऐच्छिक)
98	जारी राख्नुहोस्
99	"{0}" कपी गरियो
100	लिङ्क कपी गर्नुहोस्
101	बिक्रेताहरू लोड हुन सकेनन् — फेरि प्रयास गर्न तान्नुहोस्।
102	म्युजिक पिकर खुल्न सकेन।
103	WhatsApp खुल्न सकेन
104	{0} बज्न सकेन।
105	रिसेट इमेल पठाउन सकिएन
106	तपाईंको अनुरोध पेस गर्न सकिएन, कृपया फेरि प्रयास गर्नुहोस्
107	तपाईंको खाता प्रमाणित गर्न सकिएन। आफ्नो जडान जाँच गरेर फेरि प्रयास गर्नुहोस्।
108	देश
109	खाता बनाउनुहोस्
110	समूह बनाउनुहोस् ({0})
111	आफ्नो खाता बनाउनुहोस्
112	क्रिएटर ड्यासबोर्ड
113	दैनिक
114	खतरा क्षेत्र
115	जन्म मिति
116	डिसेम्बर
117	अस्वीकार गर्नुहोस्
118	मेटाउनुहोस्
119	खाता मेटाउनुहोस्
120	मेरो खाता मेटाउनुहोस्
121	मेटाउने अनुरोध प्राप्त भयो — तपाईंको खाता ७ दिनभित्र हटाइनेछ
122	डायमण्ड
123	डाइस ड्युएल
124	हटाउनुहोस्
125	कागजात नम्बर / सन्दर्भ (ऐच्छिक)
126	कागजातको प्रकार
127	खाता छैन? 
128	बराबरी!
129	चालक अनुमतिपत्र
130	जस्तै अन्तिम ४ अङ्क
131	स्ट्रिमिङ र उपहार दिएर यी कमाउनुहोस्
132	कमाइको जानकारी
133	प्रोफाइल सम्पादन गर्नुहोस्
134	इफेक्टहरू
135	इमेल
136	इमेल / फोन
137	इमेल ठेगाना
138	इमेल वा फोन नम्बर
139	इमोजी
140	अन्त्य गर्नुहोस्
141	लाइभ स्ट्रिम अन्त्य गर्ने?
142	PK ब्याटल अन्त्य गर्ने?
144	मान्य रकम हाल्नुहोस्
145	मान्य प्राप्तकर्ता ID हाल्नुहोस्
146	कोड हाल्नुहोस्
147	OTP हाल्नुहोस्
148	जारी राख्न ६ अङ्कको कोड हाल्नुहोस्
149	एजेन्सी ID हाल्नुहोस्, अङ्क मात्र
150	आफ्नो एजेन्सी ID हाल्नुहोस्
151	आफ्नो इमेल ठेगाना हाल्नुहोस्
152	आफ्नो फोन नम्बर हाल्नुहोस्
153	पहिले माथि आफ्नो फोन नम्बर हाल्नुहोस्
154	आफ्नो दर्ता गरिएको {0} हाल्नुहोस्, हामी पासवर्ड रिसेट गर्न मद्दत गर्नेछौं।
155	प्रवेश
156	लगाउनुहोस्
157	अनुमानित कमाइ
158	इभेन्ट
159	म्याद: {0}/{1}/{2}
160	सम्भावित समाप्ति: {0}
161	Facebook
162	परिवार
163	फ्यान
164	फेब्रुअरी
165	प्रतिक्रिया
166	प्रतिक्रिया पठाइयो — धन्यवाद!
167	प्रतिक्रियाको प्रकार
168	महिला
170	अन्तिम स्कोर  {0}  बनाम  {1}
171	आगो
172	माछा मार्ने
173	फलो गर्नुहोस्
174	फलो गर्नुहोस् र छोड्नुहोस्
175	फलोअरहरू
176	फलोइङ
177	पासवर्ड बिर्सनुभयो?
178	फ्रेम
179	फ्रेमहरू
180	निःशुल्क
181	फ्रुट लुट
182	पूरा नाम
183	रमाइलो आवाज
184	खेलहरू
185	खेलहरू चाँडै आउँदैछन् — तपाईं रुममा लाइभ खेल्न र कोइन बाजी लगाउन सक्नुहुनेछ।
186	ग्यारेज
187	लिङ्ग
188	सुरु गर्नुहोस्
191	GIF
192	उपहार
193	उपहार दिनेहरू
194	उपहार (३० दिन)
195	लाइभ जानुहोस्
196	लाइभ जानुहोस् र आफ्नो भिडियो देखाउनुहोस्
197	लाइभ जानुहोस्।\nस्टार बन्नुहोस्!
198	लाइभ जानुहोस्। स्टार बन्नुहोस्!
199	स्टोरमा जानुहोस्
200	लाइभ जान एजेन्सीले सक्षम गर्छ। आफ्नो एजेन्सीले दिएको ID हाल्नुहोस्, उनीहरूले तपाईंको अनुरोध पाउनेछन्।
201	Google
202	Google साइन-इनले ID टोकन फर्काएन
203	समूह
204	समूहको नाम (ऐच्छिक)
205	उत्पीडन वा धम्की
206	च्याटरुममा सामेल भए
207	घृणायुक्त भाषण
208	साथीको कोड छ?
209	मुटु
210	सहायता र FAQ
211	सहायता र सपोर्ट
212	नमस्ते {0}, म SABALIVE कोइन किन्न चाहन्छु।
214	धारकको नाम
215	होम
216	ह्वारे
217	होस्ट
218	होस्ट पहुँच
219	होस्ट बनाम होस्ट ब्याटल
220	होस्टहरू
221	सय
222	म सेवाका सर्तहरू र गोपनीयता नीतिमा सहमत छु
223	ID {0} · लेभल {1}
224	ID: {0}
225	पहिचान प्रमाणीकरण
226	अरूको नक्कल
227	कलमा
228	जारी छ
229	इनबक्स
230	आउँदै गरेको {0} कल
231	Instagram
232	Instagram स्थापना गरिएको छैन — लिङ्क कपी गरियो
233	पर्याप्त कोइन छैन
234	पर्याप्त डायमण्ड छैन
235	अमान्य रेफरल कोड
236	साथीलाई आमन्त्रण गर्नुहोस्
237	प्रतिद्वन्द्वीलाई आमन्त्रण गर्नुहोस्
238	साथीहरूलाई SABALIVE मा बोलाउनुहोस् र उनीहरू तपाईंको कोडले जोडिँदा कोइन कमाउनुहोस्!
239	PK मा आमन्त्रण
240	आमन्त्रण पठाइयो
241	कसैलाई आमन्त्रण गर्नुहोस्
242	यो बराबरी हो!
243	वस्तु फेला परेन
244	जनवरी
245	कलमा सामेल हुनुहोस्
246	SABALIVE मा मसँग जोडिनुहोस्! {0}
247	विश्वभरका लाखौं स्ट्रिमर र फ्यानहरूसँग जोडिनुहोस्।
248	जुलाई
249	जुन
250	जारी राख्नुहोस्
251	गीत बज्दा आफ्नो माइक खुला राख्नुहोस्
252	सिटबाट हटाउनुहोस्
253	कसैले सन्देश पठाउँदा वा लाइभ आउँदा थाहा पाउनुहोस्
254	KYC समीक्षाका लागि पेस गरियो
255	भाषा
256	भाषा छनोट
257	हाँसो
258	छोड्नुहोस्
259	लाइभ छोड्ने?
260	अहिल्यै जाँदै हुनुहुन्छ?
261	लेभल {0}
262	कुल उपहार
263	मन पर्‍यो
264	लिङ्क कपी गरियो
265	लिङ्क कपी गरियो — Instagram मा पेस्ट गर्नुहोस्
266	लिङ्क गरिएको
267	लिङ्क गरिएका खाताहरू
268	लाइभ
269	लाइभ ब्याटल
270	अहिले लाइभ
271	अहिले लाइभ
272	लाइभ स्ट्रिमिङ, कल र भर्चुअल उपहार।
273	लाइभ उपलब्ध छैन
274	लाइभ, सन्देश, उपहार र वालेट गतिविधि
275	स्थान
276	सिट लक गर्नुहोस्
277	लक गरिएको
278	लगइन
279	आफ्नो यात्रा जारी राख्न लगइन गर्नुहोस्
280	OTP ले लगइन गर्नुहोस्
281	माया
282	लकी बक्स
283	लकी बक्स खुल्यो, {0} डायमण्ड जित्नुभयो
284	लकी बक्स, {0}
285	लकी ID
286	लकी स्पिन
287	लेभल {0}
288	मर्मत जारी छ
289	मर्मत जारी छ · {0} बाँकी
290	मर्मत {0} मा सुरु हुन्छ
291	लाइभ च्याट र निजी सन्देशमार्फत साँचो सम्बन्ध बनाउनुहोस्।
292	पुरुष
293	मार्च
294	सबै पढिएको चिन्ह लगाउनुहोस्
295	मिलाउनुहोस् र बढाउनुहोस्
296	अधिकतम लेभल पुग्यो
297	मे
298	म
299	सन्देश
300	सन्देश सूचनाहरू
301	सन्देशहरू
302	माइक्रोफोन
303	माइक्रोफोन म्युट छ
304	माइक्रोफोन खुला छ
305	माइक्रोफोन/क्यामेराको अनुमति आवश्यक छ
306	सानो बनाउनुहोस्
307	मोबाइल
308	मासिक
309	थप
310	म्युजिक
311	साइन इन हुनुपर्छ
312	म्युट गर्नुहोस्
313	मेरो झोला
314	मेरो प्रतिक्रिया
315	मेरा आमन्त्रणहरू
316	मेरो लेभल
317	मेरो प्रोफाइल
318	अल्फाको बेला मद्दत चाहियो? support@sabalive.app मा इमेल गर्नुहोस् र आफ्नो प्रयोगकर्ता नाम र तपाईं के गर्दै हुनुहुन्थ्यो लेख्नुहोस्।
320	नेट बैंकिङ
321	नयाँ
322	नयाँ समूह
323	नयाँ समूह
324	नयाँ सन्देश
325	नयाँ सन्देश
326	अर्को
328	त्यो ID को कुनै एजेन्सी फेला परेन
329	यो अवधिका लागि अहिलेसम्म कुनै एजेन्सी र्‍याङ्किङ छैन।
330	अहिलेसम्म कुनै ब्याज छैन
331	अहिलेसम्म कुनै कुराकानी छैन।\nसुरु गर्न लेख्ने आइकनमा ट्याप गर्नुहोस्।
332	अहिले कुनै इमोजी उपलब्ध छैन
333	अहिले कुनै खाली सिट छैन
334	अहिलेसम्म कुनै फलोअर छैन।
335	कुनै फ्रेम लगाइएको छैन
336	अहिलेसम्म कुनै फ्रेम छैन
337	यो अवधिका लागि अहिलेसम्म कुनै उपहार दिने र्‍याङ्किङ छैन।
338	यो अवधिका लागि अहिलेसम्म कुनै होस्ट र्‍याङ्किङ छैन।
339	अहिलेसम्म कुनै आमन्त्रण छैन
340	कुनै लिङ्क गरिएको खाता फेला परेन
341	यो श्रेणीमा अहिले कुनै लाइभ रुम छैन।
342	कुनै लाइभ रुम मेल खाएन
343	अहिले कुनै लाइभ रुम छैन
344	अहिले बिक्रीका लागि कुनै लकी ID छैन
345	"{0}" का लागि कुनै नतिजा छैन।
346	कुनै सन्देश अनुरोध छैन।
347	अहिलेसम्म कुनै सन्देश छैन। नमस्ते भन्नुहोस् 👋
348	अहिलेसम्म कुनै सूचना छैन।
349	अहिले PK मोडमा अरू कोही लाइभ छैन।
350	अहिलेसम्म कसैले सामेल हुन मागेको छैन।
351	अहिलेसम्म कसैले हेरिरहेको छैन।
352	अहिले कोही लाइभ छैन — पहिलो तपाईं बन्नुहोस्!
353	अहिलेसम्म कुनै प्रतिद्वन्द्वी छैन — एक्लो PK
354	कुनै बाँकी सिट अनुरोध छैन
355	कोही मानिस फेला परेनन्
356	अहिले कुनै बिक्रेता सूचीमा छैन — चाँडै फेरि हेर्नुहोस्।
357	कुनै गीत बजिरहेको छैन
358	अहिलेसम्म कुनै स्ट्रिम छैन — सुरु गर्न लाइभ जानुहोस्मा ट्याप गर्नुहोस्।
359	अहिलेसम्म कुनै ट्रान्सफर छैन।
360	अहिलेसम्म कुनै आगन्तुक छैन — तपाईंको प्रोफाइल हेर्नेहरू यहाँ देखिनेछन्।
361	अहिलेसम्म कुनै निकासी अनुरोध छैन।
362	नं. {0}
363	तपाईंले फलो गरेका कोही पनि अहिले लाइभ छैनन्।
364	तपाईंको ब्यालेन्समा पर्याप्त कोइन छैन
365	पर्याप्त कोइन छैन — टपअप गर्नुहोस्
366	अहिलेसम्म कसैलाई फलो गर्नुभएको छैन।
367	अहिले होइन
368	नोट (ऐच्छिक)
369	यहाँ अहिलेसम्म केही छैन
370	सूचना
371	सूचना पिन गरियो
372	सूचना अनपिन गरियो
373	सूचनाहरू
374	नोभेम्बर
375	नग्नता वा यौन सामग्री
376	अक्टोबर
377	अफलाइन कोइन बिक्रेताहरू
378	एउटा अङ्क
379	एउटा विशेष चिन्ह
380	एउटा ठूलो अक्षर
381	मात्र मैले सुन्न सक्छु
382	होस्टले मात्र च्याट खाली गर्न सक्छ
383	होस्टले मात्र यो गर्न सक्छ
384	होस्टले मात्र सूचना पिन गर्न सक्छ
385	खुल्दै छ…
386	प्रतिद्वन्द्वी
387	वा यसमार्फत जारी राख्नुहोस्
388	अर्डर #…
389	अन्य
390	पार्टी
391	राहदानी
392	पासवर्ड
393	मोबाइल नम्बरबाट पासवर्ड रिसेट चाँडै आउँदैछ — अहिलेलाई इमेल प्रयोग गर्नुहोस्
394	पासवर्ड रिसेट इमेल पठाइयो
395	{0} तिर्नुहोस्  ·  {1} कोइन
396	भुक्तानी विधि
397	बाँकी
398	मानिसहरू
399	फोन
400	चुनौती दिन अर्को स्ट्रिम छान्नुहोस्
401	प्राप्तकर्ताका रूपमा अरू कसैलाई छान्नुहोस्
402	कसलाई पठाउने छान्नुहोस्
403	पिन गर्नुहोस्
404	दर्शकहरूका लागि सन्देश पिन गर्नुहोस्
405	PK अखडा
406	PK ब्याटल
407	PK ब्याटल सेटिङ
408	PK ब्याटलहरू
409	PK ब्याटलहरू चाँडै आउँदैछन्
410	म्युजिक बजाउनुहोस्
411	कृपया आफ्नो प्रतिक्रिया विस्तारमा लेख्नुहोस्…
412	लोकप्रिय
414	प्राथमिकताहरू
415	अघिल्लो आवेदन अस्वीकृत भएको थियो — तपाईं फेरि पेस गर्न सक्नुहुन्छ।
416	गोपनीयता र सुरक्षा
417	गोपनीयता नीति
418	निजी खाता
419	प्रोफाइल
420	प्रोफाइल फ्रेमहरू
421	प्रोफाइल फ्रेमहरू
422	प्रोफाइल अपडेट भयो
423	प्रोफाइल आगन्तुकहरू
424	लेभल {0} सम्मको प्रगति
425	पुस सूचनाहरू
426	परिमाण
427	र‍्यान्डम PK
428	र्‍याङ्किङ
429	पढेको रसिद
430	हालका स्ट्रिमहरू
431	हालका ट्रान्सफरहरू
432	प्राप्तकर्ता ID
433	प्राप्तकर्ता फेला परेन
434	सिफारिस गरिएको
435	फेरि जोडिँदै…
436	रिडिम गर्नुहोस्
437	रातोपन
438	सन्दर्भ (ऐच्छिक)
439	रेफरल कोड रिडिम भयो!
440	मलाई सम्झनुहोस्
441	हटाउनुहोस्
442	५ हटाउनुहोस्
443	दर्शकलाई हटाउनुहोस्
444	{0} लाई हटाउने?
445	रिपोर्ट गर्नुहोस्
446	रिपोर्टको कारण
447	रिपोर्ट पेस गरियो — धन्यवाद
448	अर्को एजेन्सीको अनुरोध गर्नुहोस्
449	अनुरोध पठाइयो
450	{0} लाई अनुरोध पठाइयो
451	अनुरोध पठाइयो — होस्टको प्रतीक्षा
452	निकासी अनुरोध गर्नुहोस्
453	अनुरोधहरू
454	अनुरोधहरू ({0})
455	OTP फेरि पठाउनुहोस्
456	00:{0} मा OTP फेरि पठाउनुहोस्
457	समाधान भयो
458	फेरि प्रयास गर्नुहोस्
459	लाइभमा फर्कनुहोस्
460	घण्टी बज्दै छ…
461	रुमको विरुद्ध पासा फाल्नुहोस्
462	रुम इफेक्टहरू
463	रुम ID: {0}
464	रुम सूचना
465	रुम स्किन
466	रुम स्किन
467	रुम स्किनहरू
468	SABALIVE यिनीहरूसँग सबैभन्दा राम्रो चल्छ। तपाईं जुनसुकै बेला आफ्नो फोनको सेटिङमा यिनलाई बदल्न सक्नुहुन्छ।
469	दुःखी
470	परिवर्तन सुरक्षित गर्नुहोस्
471	नमस्ते भन्नुहोस् 👋
472	नमस्ते भन्नुहोस्!
473	केही भन्नुहोस्
474	राम्रो केही भन्नुहोस्…
475	कोड {0} ले जोडिन स्क्यान गर्नुहोस्
476	नाम वा @प्रयोगकर्ता नामले खोज्नुहोस्
477	नाम वा प्रयोगकर्ता ID ले खोज्नुहोस्
478	नाम वा प्रयोगकर्ता ID ले मानिसहरू खोज्नुहोस्
479	सन्देश खोज्नुहोस्
480	सिट आमन्त्रण
481	सिट अनुरोध
482	सिट {0}
483	सिट {0} लक छ
484	सिट {0} भरिएको छ
485	सिट {0} का अनुरोध
487	सिट {0} · {1}
488	सबै हेर्नुहोस्
489	जन्म मिति छान्नुहोस्
490	कोइन बेच्नुहोस्
491	पठाउनुहोस्
492	उपहार पठाउनुहोस्
493	उपहार पठाउनुहोस्
494	सबैलाई पठाउनुहोस् · {0}
495	कोइन पठाउनुहोस्
496	उपहार पठाउनुहोस्,\nमाया फैलाउनुहोस्
497	अनुरोध पठाउनुहोस्
498	रिसेट लिङ्क पठाउनुहोस्
499	रिसेट लिङ्क पठाउनुहोस्
500	कसलाई पठाउने
501	पठाउनुहोस् · {0}
502	उपहार पठायो
503	स्टिकर पठायो
504	सबैलाई {0} पठायो
505	{0} पठायो
506	ID {1} लाई {0} कोइन पठाइयो
507	{0} {1} पठायो
508	{0} x {1} पठायो
509	{0} x {1} {2} पठायो
510	सेप्टेम्बर
511	सेटिङ
512	सेयर गर्नुहोस्
513	आफ्नो कोड सेयर गर्नुहोस्, तपाईंका पुरस्कार यहाँ देखिनेछन्।
514	तिखो बनाउनुहोस्
515	पहिले साइन इन गर्नुहोस्
516	साइन आउट
517	साइन अप
518	{0} का रूपमा साइन इन
519	यहाँ बस्नुहोस्
520	छोड्नुहोस्
521	स्मुथ
522	एक्लो PK
523	कोही
524	कसैले भर्खरै त्यो सिट लियो
525	अरू केही
526	तपाईंको फोनका गीतहरू। गीत बज्दा आफ्नो माइक खुला राख्नुहोस् — गीत तपाईंको आवाजसँगै जान्छ।
527	स्प्याम वा ठगी
528	स्पिकर
529	स्पिकर बन्द
530	स्पिकर खुला
531	घुमाउनुहोस् र कोइन तथा उपहार जित्नुहोस्
532	अडियो रुम सुरु गर्नुहोस्
533	लाइभ सुरु गर्नुहोस्
534	PK ब्याटल सुरु गर्नुहोस्
535	सुरु हुँदै छ…
536	बस्नुहोस्
537	यो स्ट्रिममा बिना रोकिएर {0} मिनेट लाइभ रहनुहोस् र {1} डायमण्ड जित्नुहोस्।
538	अझै जोडिँदै छ — केही बेरमा फेरि प्रयास गर्नुहोस्
539	होस्टबाट अझै केही आएको छैन — उनीहरूले अन्त्य गरेका हुन सक्छन्, वा जडानमा समस्या छ।
540	स्टोर
541	स्ट्रिम फेला परेन
542	स्ट्रिमको शीर्षक
543	स्ट्रिमहरू
544	पेस गर्नुहोस्
545	आवेदन पेस गर्नुहोस्
546	प्रमाणीकरणका लागि पेस गर्नुहोस्
547	सुझावहरू
548	सपोर्ट
549	भर्चुअल उपहारले आफ्ना मनपर्ने क्रिएटरहरूलाई सहयोग गर्नुहोस् र र्‍याङ्किङमा माथि चढ्नुहोस्।
550	फोटो खिच्नुहोस्
551	लाइभ रुम र अडियो रुममा कुरा गर्नुहोस्
552	टिन पत्ती
553	सेवाका सर्तहरू
554	त्यो कोडले काम गरेन — फेरि प्रयास गर्नुहोस्
555	त्यो कोड पहिले नै प्रयोग भइसकेको छ
556	त्यो कोड निष्क्रिय गरिएको छ
557	त्यो कोडको म्याद सकिएको छ
558	त्यो फाइल यहाँबाट खोल्न सकिएन।
559	त्यो लकी ID पहिले नै लिइसकिएको छ
560	त्यो लकी ID उपलब्ध छैन
561	एजेन्सी
562	होस्टले तपाईंलाई यो लाइभबाट हटाए।
563	होस्टले तपाईंलाई तपाईंको सिटबाट हटाए
564	लिङ्कको म्याद १५ मिनेटमा सकिन्छ। देखिएन भने आफ्नो स्प्याम फोल्डर हेर्नुहोस्।
565	अनुरोध असफल भयो ({0})।
566	यी बिक्रेताहरू एपबाहिर (नगद / UPI) भुक्तानी लिन्छन् र सिधै तपाईंको कोइन क्रेडिट गर्छन्। खरिद मिलाउन WhatsApp मा कसैलाई सन्देश पठाउनुहोस्।
567	उनीहरू अहिले जान्छन् र यो लाइभमा फेरि सामेल हुन सक्दैनन्।
568	ब्याटल सुरु हुनुअघि उनीहरूले स्वीकार गर्नुपर्छ
569	उनीहरूलाई यो लाइभबाट हटाइनेछ र फेरि सामेल हुन सक्दैनन्।
570	यो खाता प्रतिबन्धित गरिएको छ।
571	यो उपकरण {0} प्रतिबन्धित छ।
572	यो होस्ट अहिले लाइभ छैन
573	यो एडमिन-प्यानल खाता हो। यसको सट्टा एडमिन प्यानलमा साइन इन गर्नुहोस्।
574	यसले अपेक्षा गरेभन्दा अलि बढी समय लिइरहेको छ।
575	यो पृष्ठ अहिलेसम्म प्रकाशित भएको छैन।
576	यसले तपाईंको प्रोफाइल, स्ट्रिम, च्याट, वालेट र उपहारको इतिहास सधैंका लागि हटाउँछ। हामी अनुरोध ७ दिनभित्र पूरा गर्छौं। यो फिर्ता गर्न सकिँदैन — के तपाईं निश्चित हुनुहुन्छ?
577	यो सिट पहिले नै भरिएको छ
578	यो सिट लक छ
579	यो स्ट्रिम लाइभ छैन
580	पासवर्ड बदल्न हामी तपाईंलाई रिसेट लिङ्क इमेल गर्नेछौं।
581	आज
582	टुलहरू
583	कुल रेफरल पुरस्कार
584	कारोबार इतिहास
585	अहिले ट्रेन्डिङ
586	सन्देश लेख्नुहोस्…
587	मानिस खोज्न लेख्नुहोस्
588	उपलब्ध छैन
589	अनब्लक गर्नुहोस्
590	अनलिङ्क गर्नुहोस्
591	सिट अनलक गर्नुहोस्
592	अनम्युट गर्नुहोस्
593	अनपिन गर्नुहोस्
594	{0} सम्म
596	प्रयोगकर्ता नाम
597	OTP प्रमाणित गर्नुहोस्
598	निकासी र प्रमाणित ब्याज खोल्न आफ्नो पहिचान प्रमाणित गर्नुहोस्।
599	भिडियो
600	VIP  ·  विलासी सुविधा
601	VIP का लागि मात्र
602	{0} हेर्नुभयो
603	भ्वाइस कन्ट्रोल
604	भ्वाइस इफेक्टहरू
605	मतदाता ID
606	प्रतिद्वन्द्वीको प्रतीक्षा
607	{0} ले तपाईंलाई स्वीकृत गर्ने प्रतीक्षा। उनीहरूले गर्नेबित्तिकै तपाईं लाइभ जान सक्नुहुनेछ।
608	{0} को प्रतीक्षा…
609	प्रतीक्षा…
610	वालेट
611	वालेट र कमाइ
612	वालेट र कारोबार
613	वालेट / PayPal
614	लाइभ हेर्नुहोस्
615	अहिले हेरिरहेका
616	हामीले {0} मा पुष्टि लिङ्क पठायौं। त्यसमा ट्याप गर्नुहोस्, अनि फर्केर लगइन गर्नुहोस्।
617	हामी सकेसम्म चाँडै फर्कनेछौं।
618	हामी तुरुन्तै फर्कन्छौं
619	हामी अहिले मर्मतमा छौं, त्यसैले साइन इन उपलब्ध छैन। कृपया केही बेरमा फेरि प्रयास गर्नुहोस्।
620	हामीले ६ अङ्कको कोड पठाएका छौं\n{0}
621	हामीले पासवर्ड रिसेट लिङ्क पठाएका छौं\n{0}
622	वेल्थ
623	साप्ताहिक
624	फेरि स्वागत छ!
625	तपाईंको स्ट्रिम केको बारेमा हो?
626	WhatsApp
627	WhatsApp नम्बर
628	गोरो बनाउनुहोस्
629	तपाईंलाई कसले रेफर गर्‍यो, कोही भए
630	निकासी
631	निकासी चाँडै आउँदैछ
632	वाउ
633	पहिले सन्देश लेख्नुहोस्
634	सपोर्टलाई लेख्नुहोस्…
635	तपाईं
636	तपाईं लाइभबाट {0} प्रतिबन्धित हुनुहुन्छ।
637	तपाईं प्रमाणित हुनुहुन्छ ✓
638	तपाईं यो लाइभमा सामेल हुन सक्नुहुन्न।
639	यो वस्तुको कुनै सक्रिय प्रति तपाईंसँग छैन
640	तपाईंसँग अहिलेसम्म केही छैन
641	होस्टले तपाईंलाई यो रुमका सिटबाट हटाएका छन्
642	तपाईंले कसैलाई ब्लक गर्नुभएको छैन।
643	तपाईंले अहिलेसम्म कुनै प्रतिक्रिया पठाउनुभएको छैन।
644	तपाईं हार्नुभयो
645	लाइभ जान साइन इन हुनुपर्छ
646	तपाईंले {1} दर्शकका लागि {0} स्ट्रिम गर्नुभयो।
647	तपाईंको खाता अर्को उपकरणमा साइन इन भएकाले तपाईंलाई साइन आउट गरियो।
648	तपाईं जित्नुभयो! 🏆
649	तपाईंले यो लाइभबाट {0} डायमण्ड जित्नुभयो। शाबास!
650	तपाईं तयार हुनुहुन्छ!
651	तपाईं अझै {0} को रुममा लाइभ हुनुहुन्छ — अर्को सुरु वा सामेल हुनुअघि यसलाई सक्नुहोस् वा यसमा फर्कनुहोस्।
652	तपाईं लाइभ हेर्दै हुनुहुन्छ — अडियो बज्दै छ
653	तपाईं: {0}
654	तपाईंको खाता
655	तपाईंको खाता {0} प्रतिबन्धित छ।
656	तपाईंको एजेन्सी
657	तपाईंको एजेन्सी "{0}" स्वीकृत भयो ✓
658	"{0}" का लागि तपाईंको आवेदन समीक्षामा छ।
659	"{0}" का लागि तपाईंको आवेदन स्वीकृत भएन।
660	तपाईंको कोइन ब्यालेन्स
661	तपाईंको प्रतिक्रिया
662	तपाईंको फ्रेम
663	तपाईंको होस्ट पहुँच फिर्ता लिइएको छ। आफ्नो एजेन्सीलाई सम्पर्क गर्नुहोस्।
664	तपाईंको लकी ID: {0}{1}
665	तपाईंको नम्बर सफलतापूर्वक प्रमाणित भयो।
666	तपाईंको सत्र सकियो। कृपया फेरि साइन इन गर्नुहोस्।
667	तपाईंको प्रमाणीकरण कोड १० मिनेटका लागि मान्य छ।
668	तपाईंको प्रमाणीकरण समीक्षामा छ।
669	{0} ब्याज प्राप्त भए
670	{0} लाई सिटबाट प्रतिबन्ध लगाइयो
671	{0} कोइन
672	{0} कोइन थपियो
673	{0} दिन
674	{0} दिन अघि
675	{0} ले तपाईंको अनुरोध अस्वीकार गर्‍यो। तपाईं फेरि प्रयास गर्न वा अर्को एजेन्सीलाई पठाउन सक्नुहुन्छ।
676	{0} डायमण्ड
677	{0} ले लाइभ अन्त्य गर्‍यो
678	{0} {1} सहित प्रवेश गर्‍यो
679	रुममा {0} · सिटमा {1}
680	{0} आमन्त्रण
681	{0} डेमो होस्ट हो — अहिले उपहार पठाउन सकिँदैन।
682	{0} चाँडै आउँदैछ
683	{0} SABALIVE मा लाइभ छ — अहिल्यै जोडिनुहोस्!
684	{0} अब तपाईंको ID हो!
685	{0} तपाईंको हो
686	{0} सामेल भयो
687	{0} लेभल {1}
688	{0} लेभल {1}
689	{0} लाइभ
690	{0} किनियो!
691	{0} लाई सिटबाट हटाइयो
692	{0} ले {1} पठायो
693	{0} ले {1} x{2} पठायो
694	{0} दर्शक
695	{0} लाई हटाइयो
696	{0} हेर्दै · {1} सिटमा
697	{0} ले जित्यो! 🏆
698	{0} यो स्ट्रिममा फेरि सिट लिन सक्दैन।
699	{0} XP
700	{0} — चाँडै आउँदैछ
702	🎁 उपहार पठायो
703	🔴 अहिले लाइभ

704	+{0} बोनस
705	१ दिन अघि
706	सामेल भए
707	गए
