0	O Lucky ID substitui o ID do seu app em todo lugar enquanto você o tiver. Quando acabar, seu ID original volta.
1	O aviso pode ter no máximo 120 caracteres
2	Aadhaar
3	Sobre o SABALIVE
4	Aceitar
5	Acesso revogado
6	Conta
7	Conta e segurança
8	Adicionar 5
9	Adicionar pessoas
10	Adicione pessoas para criar
11	Agência
12	ID da agência
13	Nome da agência
14	Nome da agência, nome do titular e número de WhatsApp são obrigatórios
15	Todos
16	Todos os emblemas
17	Todos os níveis de {0}
18	Permitir acesso
19	Já tem uma conta? 
20	Você já está em uma live
21	Valor (moedas)
22	Um oponente foi encontrado — começando em breve
23	Bravo
24	Erro no app
25	Apple
26	Solicitação enviada para análise
27	Candidatar-se a uma agência
28	Aprovar
29	Abr
31	Pergunte o que quiser — um problema, um pagamento, uma dúvida. A equipe de suporte responde aqui.
32	Pelo menos 8 caracteres
33	Áudio
34	Ago
35	Disponível para saque
36	Aguardando análise
37	Voltar ao login
38	Emblema
39	Emblemas
40	Banir
41	Banir dos assentos
42	Banir dos assentos?
44	Batalha encerrada
45	A batalha não está ao vivo
46	Beleza
47	MELHOR VALOR
48	Bio
49	Bloquear
50	Bloquear espectador
51	Usuários bloqueados
52	{0} bloqueado
53	Transmita seus momentos, conecte-se com fãs e faça sua comunidade crescer no mundo todo.
54	Comprar moedas
55	Comprar de um vendedor offline
56	Chamada recusada
57	A chamada não conectou
58	Câmera
59	O acesso à câmera e ao microfone é necessário para entrar ao vivo
60	Não é possível desvincular seu único método de login
61	Cancelar
62	Não é possível ligar para este usuário
63	Cartão
64	Lance a vara para pescar raridades
65	Categorias
66	Desafie um streamer de PK
67	Mudar o papel de parede da minha arena
68	Alterar número
69	Alterar foto
70	Charme
71	Chat
72	Chat limpo para todos
73	Conversar com o suporte
74	Conversando
75	Verificar novamente
76	Verificar status
77	Confira sua caixa de entrada
78	Torça por eles…
79	Clima tranquilo de domingo
80	Escolha um idioma
81	Escolher da galeria
82	Escolher músicas
83	Escolha seu papel de parede
84	Resgatar
85	Palmas
86	Clássico jogo de 3 cartas
87	Limpar chat
88	Fechar
89	Código não encontrado
90	Bolsa de moedas
91	Saldo de moedas
92	A compra de moedas chega em breve
93	Moedas
94	Confirme seu e-mail
95	Conecte-se e converse
96	Conectando…
97	Informações de contato (opcional)
98	Continuar
99	"{0}" copiado
100	Copiar link
101	Não foi possível carregar os vendedores — puxe para tentar de novo.
102	Não foi possível abrir o seletor de músicas.
103	Não foi possível abrir o WhatsApp
104	Não foi possível tocar {0}.
105	Não foi possível enviar o e-mail de redefinição
106	Não foi possível enviar sua solicitação, tente novamente
107	Não foi possível verificar sua conta. Verifique sua conexão e tente novamente.
108	País
109	Criar conta
110	Criar grupo ({0})
111	Crie sua conta
112	Painel do criador
113	Diário
114	Zona de perigo
115	Data de nascimento
116	Dez
117	Recusar
118	Excluir
119	Excluir conta
120	Excluir minha conta
121	Pedido de exclusão recebido — sua conta será removida em até 7 dias
122	Diamantes
123	Duelo de dados
124	Dispensar
125	Número do documento / referência (opcional)
126	Tipo de documento
127	Não tem uma conta? 
128	Empate!
129	Carteira de motorista
130	ex.: últimos 4 dígitos
131	Ganhe transmitindo e dando presentes
132	Informações de ganhos
133	Editar perfil
134	Efeitos
135	E-mail
136	E-mail / Telefone
137	Endereço de e-mail
138	E-mail ou número de telefone
139	Emoji
140	Encerrar
141	Encerrar a transmissão ao vivo?
142	Encerrar a batalha PK?
144	Digite um valor válido
145	Digite um ID de destinatário válido
146	Digite o código
147	Digite o OTP
148	Digite o código de 6 dígitos para continuar
149	Digite o ID da agência, só números
150	Digite o ID da sua agência
151	Digite seu endereço de e-mail
152	Digite seu número de telefone
153	Digite primeiro seu número de telefone acima
154	Digite seu {0} cadastrado e vamos ajudar você a redefinir a senha.
155	Entrada
156	Equipar
157	Ganhos estimados
158	Evento
159	Val.: {0}/{1}/{2}
160	Conclusão prevista: {0}
161	Facebook
162	Família
163	Fãs
164	Fev
165	Feedback
166	Feedback enviado — obrigado!
167	Tipo de feedback
168	Feminino
170	Placar final  {0}  x  {1}
171	Fogo
172	Pesca
173	Seguir
174	Seguir e sair
175	Seguidores
176	Seguindo
177	Esqueceu a senha?
178	Moldura
179	Molduras
180	Grátis
181	Fruit Loot
182	Nome completo
183	Voz engraçada
184	Jogos
185	Os jogos chegam em breve — você poderá jogar ao vivo nas salas e apostar moedas.
186	Garagem
187	Gênero
188	Começar
191	GIFs
192	Presente
193	Quem dá presentes
194	Presentes (30 dias)
195	Entrar ao vivo
196	Entre ao vivo e mostre seu vídeo
197	Entre ao vivo.\nSeja uma estrela!
198	Entre ao vivo. Seja uma estrela!
199	Ir para a loja
200	Entrar ao vivo é liberado por uma agência. Digite o ID que sua agência passou e ela receberá seu pedido.
201	Google
202	O login do Google não retornou um token de ID
203	Grupo
204	Nome do grupo (opcional)
205	Assédio ou bullying
206	entrou na sala de chat
207	Discurso de ódio
208	Tem o código de um amigo?
209	Coração
210	Ajuda e perguntas frequentes
211	Ajuda e suporte
212	Oi {0}, quero comprar moedas do SABALIVE.
214	Nome do titular
215	Início
216	Eba
217	Anfitrião
218	Acesso de anfitrião
219	Batalhas anfitrião contra anfitrião
220	Anfitriões
221	Cem
222	Concordo com os Termos de Serviço e a Política de Privacidade
223	ID {0} · Nv. {1}
224	ID: {0}
225	Verificação de identidade
226	Falsa identidade
227	Em chamada
228	Em andamento
229	Caixa de entrada
230	Chamada de {0} recebida
231	Instagram
232	Instagram não instalado — link copiado
233	Moedas insuficientes
234	Diamantes insuficientes
235	Código de indicação inválido
236	Convide um amigo
237	Convide um oponente
238	Convide amigos para o SABALIVE e ganhe moedas quando eles entrarem com o seu código!
239	Convidar para PK
240	Convite enviado
241	Convidar alguém
242	É um empate!
243	Item não encontrado
244	Jan
245	Entrar na chamada
246	Entre comigo no SABALIVE! {0}
247	Junte-se a milhões de streamers e fãs no mundo todo.
248	Jul
249	Jun
250	Continuar
251	Deixe o microfone ligado enquanto a música toca
252	Tirar do assento
253	Saiba quando alguém enviar mensagem ou entrar ao vivo
254	KYC enviado para análise
255	Idioma
256	Seleção de idioma
257	Risada
258	Sair
259	Sair da live?
260	Já vai sair?
261	Nível {0}
262	Total de presentes
263	Curtir
264	Link copiado
265	Link copiado — cole no Instagram
266	Vinculado
267	Contas vinculadas
268	Ao vivo
269	Batalha ao vivo
270	Ao vivo agora
271	Ao vivo agora
272	Transmissões ao vivo, chamadas e presentes virtuais.
273	Live indisponível
274	Lives, mensagens, presentes e atividade da carteira
275	Localização
276	Trancar assento
277	Trancado
278	Entrar
279	Entre para continuar sua jornada
280	Entrar com OTP
281	Amei
282	Caixa da Sorte
283	Caixa da Sorte aberta, você ganhou {0} diamantes
284	Caixa da Sorte, {0}
285	Lucky ID
286	Giro da Sorte
287	Nv {0}
288	Manutenção em andamento
289	Manutenção em andamento · faltam {0}
290	A manutenção começa em {0}
291	Crie conexões de verdade com chat ao vivo e mensagens privadas.
292	Masculino
293	Mar
294	Marcar tudo como lido
295	Combine e multiplique
296	Nível máximo alcançado
297	Mai
298	Eu
299	Mensagem
300	Notificações de mensagens
301	Mensagens
302	Microfone
303	Microfone silenciado
304	Microfone ligado
305	Permissão de microfone/câmera necessária
306	Minimizar
307	Celular
308	Mensal
309	Mais
310	Música
311	É preciso estar conectado
312	Silenciar
313	Minha bolsa
314	Meu feedback
315	Meus convites
316	Meu nível
317	Meu perfil
318	Precisa de ajuda durante o alpha? Escreva para support@sabalive.app e inclua seu nome de usuário e o que você estava fazendo.
320	Internet banking
321	Novo
322	Novo grupo
323	Novo grupo
324	Nova mensagem
325	Nova mensagem
326	Próximo
328	Nenhuma agência encontrada com esse ID
329	Ainda não há ranking de agências neste período.
330	Ainda não há emblemas
331	Ainda não há conversas.\nToque no ícone de escrever para começar uma.
332	Nenhum emoji disponível agora
333	Nenhum assento livre agora
334	Ainda não há seguidores.
335	Nenhuma moldura em uso
336	Ainda não há molduras
337	Ainda não há ranking de quem dá presentes neste período.
338	Ainda não há ranking de anfitriões neste período.
339	Ainda não há convites
340	Nenhuma conta vinculada encontrada
341	Nenhuma sala ao vivo nesta categoria agora.
342	Nenhuma sala ao vivo corresponde
343	Nenhuma sala ao vivo agora
344	Nenhum Lucky ID à venda agora
345	Nenhum resultado para "{0}".
346	Nenhum pedido de mensagem.
347	Ainda não há mensagens. Diga oi 👋
348	Ainda não há notificações.
349	Ninguém mais está ao vivo no modo PK agora.
350	Ninguém pediu para entrar ainda.
351	Ninguém está assistindo ainda.
352	Ninguém está ao vivo agora — seja o primeiro!
353	Sem oponente ainda — PK solo
354	Nenhum pedido de assento pendente
355	Nenhuma pessoa encontrada
356	Nenhum vendedor listado agora — volte em breve.
357	Nenhuma música tocando
358	Ainda não há transmissões — toque em Entrar ao vivo para começar.
359	Ainda não há transferências.
360	Ainda não há visitantes — as visitas ao seu perfil aparecerão aqui.
361	Ainda não há pedidos de saque.
362	N.º {0}
363	Ninguém que você segue está ao vivo agora.
364	Moedas insuficientes no seu saldo
365	Moedas insuficientes — faça uma recarga
366	Você ainda não segue ninguém.
367	Agora não
368	Observação (opcional)
369	Nada aqui ainda
370	Aviso
371	Aviso fixado
372	Aviso desafixado
373	Notificações
374	Nov
375	Nudez ou conteúdo sexual
376	Out
377	Vendedores de moedas offline
378	Um número
379	Um caractere especial
380	Uma letra maiúscula
381	Só eu posso ouvir
382	Só o anfitrião pode limpar o chat
383	Só o anfitrião pode fazer isso
384	Só o anfitrião pode fixar um aviso
385	Abrindo…
386	Oponente
387	ou continue com
388	Pedido n.º…
389	Outro
390	Festa
391	Passaporte
392	Senha
393	A redefinição de senha pelo celular chega em breve — use o e-mail por enquanto
394	E-mail de redefinição de senha enviado
395	Pagar {0}  ·  {1} moedas
396	Forma de pagamento
397	Pendente
398	Pessoas
399	Telefone
400	Escolha outra transmissão para desafiar
401	Escolha outra pessoa como destinatário
402	Escolha para quem enviar
403	Fixar
404	Fixe uma mensagem para os espectadores
405	Arena PK
406	Batalha PK
407	Configurações da batalha PK
408	Batalhas PK
409	As batalhas PK chegam em breve
410	Tocar música
411	Descreva seu feedback em detalhes…
412	Popular
414	Preferências
415	O envio anterior foi recusado — você pode enviar de novo.
416	Privacidade e segurança
417	Política de Privacidade
418	Conta privada
419	Perfil
420	Molduras de perfil
421	Molduras de perfil
422	Perfil atualizado
423	Visitantes do perfil
424	Progresso até o nível {0}
425	Notificações push
426	Quantidade
427	PK aleatório
428	Rankings
429	Confirmações de leitura
430	Transmissões recentes
431	Transferências recentes
432	ID do destinatário
433	Destinatário não encontrado
434	Recomendado
435	Reconectando…
436	Resgatar
437	Vermelhidão
438	Referência (opcional)
439	Código de indicação resgatado!
440	Lembrar de mim
441	Remover
442	Remover 5
443	Remover um espectador
444	Remover {0}?
445	Denunciar
446	Motivo da denúncia
447	Denúncia enviada — obrigado
448	Pedir outra agência
449	Pedido enviado
450	Pedido enviado para {0}
451	Pedido enviado — aguardando o anfitrião
452	Solicitar saque
453	Pedidos
454	Pedidos ({0})
455	Reenviar OTP
456	Reenviar OTP em 00:{0}
457	Resolvido
458	Tentar de novo
459	Voltar para a live
460	Chamando…
461	Role os dados contra a sala
462	Efeitos da sala
463	ID da sala: {0}
464	Aviso da sala
465	Visual da sala
466	Visual da sala
467	Visuais de sala
468	O SABALIVE funciona melhor com essas permissões. Você pode mudá-las quando quiser nas configurações do celular.
469	Triste
470	Salvar alterações
471	Diga oi 👋
472	Diga oi!
473	Diga algo
474	Diga algo legal…
475	Escaneie para entrar com o código {0}
476	Buscar por nome ou @usuário
477	Buscar por nome ou ID de usuário
478	Busque pessoas por nome ou ID de usuário
479	Buscar mensagens
480	Convites de assento
481	Pedidos de assento
482	Assento {0}
483	Assento {0} está trancado
484	Assento {0} está ocupado
485	Pedidos do assento {0}
487	Assento {0} · {1}
488	Ver tudo
489	Selecione a data de nascimento
490	Vender moedas
491	Enviar
492	Enviar um presente
493	Enviar um presente
494	Enviar a todos · {0}
495	Enviar moedas
496	Envie presentes,\nEspalhe amor
497	Enviar pedido
498	Enviar link de redefinição
499	Enviar link de redefinição
500	Enviar para
501	Enviar · {0}
502	Enviou um presente
503	Enviou uma figurinha
504	enviou {0} para todos
505	enviou {0}
506	Enviou {0} moedas para o ID {1}
507	enviou {0} {1}
508	enviou {0}x {1}
509	enviou {0}x {1} {2}
510	Set
511	Configurações
512	Compartilhar
513	Compartilhe seu código e suas recompensas aparecerão aqui.
514	Nitidez
515	Faça login primeiro
516	Sair da conta
517	Cadastrar-se
518	Conectado como {0}
519	Sentar aqui
520	Pular
521	Suavizar
522	PK solo
523	Alguém
524	Alguém acabou de pegar esse assento
525	Outro motivo
526	Músicas do seu celular. Deixe o microfone ligado enquanto a música toca — a música sai junto com a sua voz.
527	Spam ou golpe
528	Alto-falante
529	Alto-falante desligado
530	Alto-falante ligado
531	Gire para ganhar moedas e presentes
532	Iniciar sala de áudio
533	Iniciar live
534	Iniciar batalha PK
535	Iniciando…
536	Ficar
537	Fique ao vivo por {0} minutos sem interrupção nesta transmissão e ganhe {1} diamantes.
538	Ainda conectando — tente de novo em instantes
539	Ainda nada do anfitrião — ele pode ter encerrado, ou há um problema de conexão.
540	Loja
541	Transmissão não encontrada
542	Título da transmissão
543	Transmissões
544	Enviar
545	Enviar candidatura
546	Enviar para verificação
547	Sugestões
548	Suporte
549	Apoie seus criadores favoritos com presentes virtuais e suba nos rankings.
550	Tirar foto
551	Converse em salas ao vivo e de áudio
552	Teen Patti
553	Termos de Serviço
554	Esse código não funcionou — tente de novo
555	Esse código já foi usado
556	Esse código foi desativado
557	Esse código expirou
558	Não foi possível abrir esse arquivo daqui.
559	Esse Lucky ID já foi levado
560	Esse Lucky ID não está disponível
561	a agência
562	O anfitrião removeu você desta live.
563	O anfitrião removeu você do seu assento
564	O link expira em 15 minutos. Veja a pasta de spam se não encontrar.
565	A solicitação falhou ({0}).
566	Esses vendedores recebem o pagamento fora do app (dinheiro / UPI) e creditam suas moedas direto. Mande uma mensagem a um deles no WhatsApp para combinar a compra.
567	Eles saem agora e não poderão voltar a esta live.
568	Eles precisam aceitar antes de a batalha começar
569	Eles serão removidos desta live e não poderão voltar.
570	Esta conta foi banida.
571	Este dispositivo está banido {0}.
572	Este anfitrião não está ao vivo agora
573	Esta é uma conta do painel de administração. Entre pelo painel de administração.
574	Isso está demorando um pouco mais do que o esperado.
575	Esta página ainda não foi publicada.
576	Isso remove permanentemente seu perfil, transmissões, chats, carteira e histórico de presentes. Processamos os pedidos em até 7 dias. Não é possível desfazer — tem certeza?
577	Este assento já está ocupado
578	Este assento está trancado
579	Esta transmissão não está ao vivo
580	Para alterar sua senha, enviaremos um link de redefinição por e-mail.
581	Hoje
582	Ferramentas
583	Total de recompensas de indicação
584	Histórico de transações
585	Em alta agora
586	Digite uma mensagem…
587	Digite para encontrar pessoas
588	Indisponível
589	Desbloquear
590	Desvincular
591	Destrancar assento
592	Reativar o som
593	Desafixar
594	até {0}
596	Nome de usuário
597	Verificar OTP
598	Verifique sua identidade para liberar saques e um emblema de verificado.
599	Vídeo
600	VIP  ·  Privilégios de luxo
601	Somente VIP
602	Visitou {0}
603	Controle de voz
604	Efeitos de voz
605	Título de eleitor
606	Aguardando oponente
607	Aguardando {0} aprovar você. Você poderá entrar ao vivo assim que aprovar.
608	Aguardando {0}…
609	Aguardando…
610	Carteira
611	Carteira e ganhos
612	Carteira e transações
613	Carteira / PayPal
614	Assistir ao vivo
615	Assistindo agora
616	Enviamos um link de confirmação para {0}. Toque nele e depois volte e faça login.
617	Voltaremos o quanto antes.
618	Já voltamos
619	Estamos em manutenção agora, então o login está indisponível. Tente novamente em instantes.
620	Enviamos um código de 6 dígitos para\n{0}
621	Enviamos um link de redefinição de senha para\n{0}
622	Riqueza
623	Semanal
624	Bem-vindo de volta!
625	Sobre o que é a sua transmissão?
626	WhatsApp
627	Número do WhatsApp
628	Clarear
629	Quem indicou você, se alguém
630	Saques
631	Os saques chegam em breve
632	Uau
633	Escreva uma mensagem primeiro
634	Escreva para o suporte…
635	Você
636	Você está banido das lives {0}.
637	Você é verificado ✓
638	Você não pode entrar nesta live.
639	Você não tem uma cópia ativa deste item
640	Você ainda não tem nada
641	O anfitrião removeu você dos assentos desta sala
642	Você não bloqueou ninguém.
643	Você ainda não enviou nenhum feedback.
644	Você perdeu
645	É preciso estar conectado para entrar ao vivo
646	Você transmitiu por {0} para {1} espectadores.
647	Você foi desconectado porque sua conta entrou em outro dispositivo.
648	Você ganhou! 🏆
649	Você ganhou {0} diamantes nesta live. Parabéns!
650	Tudo pronto!
651	Você ainda está ao vivo na sala de {0} — encerre ou volte a ela antes de iniciar ou entrar em outra.
652	Você está assistindo ao vivo — o áudio está tocando
653	Você: {0}
654	sua conta
655	Sua conta está banida {0}.
656	sua agência
657	Sua agência "{0}" foi aprovada ✓
658	Sua candidatura para "{0}" está em análise.
659	Sua candidatura para "{0}" não foi aprovada.
660	Seu saldo de moedas
661	Seu feedback
662	Sua moldura
663	Seu acesso de anfitrião foi retirado. Fale com sua agência.
664	Seu Lucky ID: {0}{1}
665	Seu número foi verificado com sucesso.
666	Sua sessão expirou. Faça login novamente.
667	Seu código de verificação é válido por 10 minutos.
668	Sua verificação está em análise.
669	{0} emblema(s) conquistado(s)
670	{0} banido dos assentos
671	{0} moedas
672	{0} moedas adicionadas
673	{0} dias
674	há {0} dias
675	{0} recusou seu pedido. Você pode tentar de novo ou enviá-lo a outra agência.
676	{0} diamantes
677	{0} encerrou a live
678	{0} entrou com {1}
679	{0} na sala · {1} nos assentos
680	{0} convites
681	{0} é um anfitrião de demonstração — ainda não dá para enviar presentes.
682	{0} chega em breve
683	{0} está ao vivo no SABALIVE — entre agora!
684	{0} agora é o seu ID!
685	{0} é seu
686	{0} entrou
687	{0} nível {1}
688	{0} nível {1}
689	{0} ao vivo
690	{0} comprado!
691	{0} removido do assento
692	{0} enviou {1}
693	{0} enviou {1} x{2}
694	{0} espectadores
695	{0} foi removido
696	{0} assistindo · {1} nos assentos
697	{0} vence! 🏆
698	{0} não poderá pegar um assento nesta transmissão de novo.
699	{0} XP
700	{0} — chega em breve
702	🎁 Enviou um presente
703	🔴 Ao vivo agora

704	+{0} de bônus
705	há 1 dia
706	entrou
707	saiu
708	Não foi possível conectar ao serviço de lives agora. Tente novamente em instantes.
709	Sua conexão com esta sala expirou. Saia e entre novamente.
710	Ver perfil
