0	لکی ID آپ کے پاس رہنے تک ہر جگہ آپ کی ایپ ID کی جگہ لیتی ہے۔ ختم ہونے پر آپ کی اپنی ID واپس آ جاتی ہے۔
1	نوٹس زیادہ سے زیادہ 120 حروف کا ہو سکتا ہے
2	آدھار
3	SABALIVE کے بارے میں
4	قبول کریں
5	رسائی منسوخ کر دی گئی
6	اکاؤنٹ
7	اکاؤنٹ اور سیکیورٹی
8	5 شامل کریں
9	لوگوں کو شامل کریں
10	بنانے کے لیے لوگوں کو شامل کریں
11	ایجنسی
12	ایجنسی ID
13	ایجنسی کا نام
14	ایجنسی کا نام، ہولڈر کا نام اور WhatsApp نمبر ضروری ہیں
15	سب
16	تمام بیجز
17	تمام {0} لیول
18	رسائی دیں
19	پہلے سے اکاؤنٹ ہے؟ 
20	آپ پہلے ہی ایک لائیو میں ہیں
21	رقم (کوائنز)
22	مخالف مل گیا — جلد شروع ہو رہا ہے
23	غصہ
24	ایپ میں خرابی
25	Apple
26	درخواست جائزے کے لیے جمع کر دی گئی
27	ایجنسی کے لیے درخواست دیں
28	منظور کریں
29	اپریل
31	ہم سے کچھ بھی پوچھیں — کوئی مسئلہ، ادائیگی یا سوال۔ سپورٹ ٹیم یہیں جواب دے گی۔
32	کم از کم 8 حروف
33	آڈیو
34	اگست
35	نکلوانے کے لیے دستیاب
36	جائزے کے انتظار میں
37	لاگ اِن پر واپس جائیں
38	بیج
39	بیجز
40	پابندی لگائیں
41	سیٹ سے پابندی لگائیں
42	سیٹ سے پابندی لگائیں؟
44	بیٹل ختم ہو گئی
45	بیٹل لائیو نہیں ہے
46	بیوٹی
47	بہترین ویلیو
48	بائیو
49	بلاک کریں
50	ناظر کو بلاک کریں
51	بلاک کیے گئے صارفین
52	{0} کو بلاک کر دیا گیا
53	اپنے لمحات نشر کریں، فینز سے جڑیں اور دنیا بھر میں اپنی کمیونٹی بڑھائیں۔
54	کوائنز خریدیں
55	آف لائن بیچنے والے سے خریدیں
56	کال مسترد کر دی گئی
57	کال جڑ نہیں سکی
58	کیمرا
59	لائیو جانے کے لیے کیمرے اور مائیکروفون کی اجازت ضروری ہے
60	آپ اپنا واحد سائن اِن طریقہ ان لنک نہیں کر سکتے
61	منسوخ کریں
62	اس صارف کو کال نہیں کی جا سکتی
63	کارڈ
64	نایاب مچھلیوں کے لیے ڈالیں
65	زمرے
66	کسی PK اسٹریمر کو چیلنج کریں
67	میرے اکھاڑے کا وال پیپر بدلیں
68	نمبر تبدیل کریں
69	تصویر تبدیل کریں
70	چارم
71	چیٹ
72	سب کے لیے چیٹ صاف کر دی گئی
73	سپورٹ سے چیٹ کریں
74	چیٹنگ
75	دوبارہ جانچیں
76	اسٹیٹس دیکھیں
77	اپنا ان باکس دیکھیں
78	ان کی حوصلہ افزائی کریں…
79	اتوار کی چل وائبز
80	زبان منتخب کریں
81	گیلری سے منتخب کریں
82	گانے منتخب کریں
83	اپنا وال پیپر منتخب کریں
84	کلیم کریں
85	تالیاں
86	کلاسک 3 کارڈ گیم
87	چیٹ صاف کریں
88	بند کریں
89	کوڈ نہیں ملا
90	کوائن بیگ
91	کوائن بیلنس
92	کوائنز کی خریداری جلد آ رہی ہے
93	کوائنز
94	اپنے ای میل کی تصدیق کریں
95	جڑیں اور چیٹ کریں
96	کنیکٹ ہو رہا ہے…
97	رابطے کی معلومات (اختیاری)
98	جاری رکھیں
99	"{0}" کاپی ہو گیا
100	لنک کاپی کریں
101	بیچنے والے لوڈ نہیں ہو سکے — دوبارہ کوشش کے لیے کھینچیں۔
102	میوزک پکر نہیں کھل سکا۔
103	WhatsApp نہیں کھل سکا
104	{0} نہیں چل سکا۔
105	ری سیٹ ای میل نہیں بھیجی جا سکی
106	آپ کی درخواست جمع نہیں ہو سکی، براہ کرم دوبارہ کوشش کریں
107	آپ کا اکاؤنٹ تصدیق نہیں ہو سکا۔ اپنا کنکشن چیک کر کے دوبارہ کوشش کریں۔
108	ملک
109	اکاؤنٹ بنائیں
110	گروپ بنائیں ({0})
111	اپنا اکاؤنٹ بنائیں
112	کریئیٹر ڈیش بورڈ
113	روزانہ
114	خطرناک علاقہ
115	تاریخ پیدائش
116	دسمبر
117	مسترد کریں
118	حذف کریں
119	اکاؤنٹ حذف کریں
120	میرا اکاؤنٹ حذف کریں
121	حذف کی درخواست موصول ہو گئی — آپ کا اکاؤنٹ 7 دنوں میں ہٹا دیا جائے گا
122	ڈائمنڈز
123	ڈائس ڈوئل
124	رد کریں
125	دستاویز نمبر / حوالہ (اختیاری)
126	دستاویز کی قسم
127	اکاؤنٹ نہیں ہے؟ 
128	برابری!
129	ڈرائیونگ لائسنس
130	مثلاً آخری 4 ہندسے
131	اسٹریمنگ اور تحفے دے کر یہ کمائیں
132	کمائی کی معلومات
133	پروفائل میں ترمیم کریں
134	ایفیکٹس
135	ای میل
136	ای میل / فون
137	ای میل ایڈریس
138	ای میل یا فون نمبر
139	ایموجی
140	ختم کریں
141	لائیو اسٹریم ختم کریں؟
142	PK بیٹل ختم کریں؟
144	درست رقم درج کریں
145	درست وصول کنندہ ID درج کریں
146	کوڈ درج کریں
147	OTP درج کریں
148	جاری رکھنے کے لیے 6 ہندسوں کا کوڈ درج کریں
149	ایجنسی ID درج کریں، صرف ہندسے
150	اپنی ایجنسی ID درج کریں
151	اپنا ای میل ایڈریس درج کریں
152	اپنا فون نمبر درج کریں
153	پہلے اوپر اپنا فون نمبر درج کریں
154	اپنا رجسٹرڈ {0} درج کریں اور ہم پاس ورڈ ری سیٹ کرنے میں آپ کی مدد کریں گے۔
155	انٹری
156	لگائیں
157	تخمینی کمائی
158	ایونٹ
159	میعاد: {0}/{1}/{2}
160	متوقع تکمیل: {0}
161	Facebook
162	فیملی
163	فینز
164	فروری
165	فیڈ بیک
166	فیڈ بیک بھیج دیا گیا — شکریہ!
167	فیڈ بیک کی قسم
168	خاتون
170	حتمی اسکور  {0}  بمقابلہ  {1}
171	آگ
172	مچھلی کا شکار
173	فالو کریں
174	فالو کریں اور چھوڑیں
175	فالوورز
176	فالوونگ
177	پاس ورڈ بھول گئے؟
178	فریم
179	فریمز
180	مفت
181	فروٹ لوٹ
182	پورا نام
183	مزاحیہ آواز
184	گیمز
185	گیمز جلد آ رہے ہیں — آپ رومز میں لائیو کھیل سکیں گے اور کوائنز لگا سکیں گے۔
186	گیراج
187	جنس
188	شروع کریں
191	GIFs
192	تحفہ
193	تحفہ دینے والے
194	تحفے (30 دن)
195	لائیو جائیں
196	لائیو جائیں اور اپنی ویڈیو دکھائیں
197	لائیو جائیں۔\nاسٹار بنیں!
198	لائیو جائیں۔ اسٹار بنیں!
199	اسٹور پر جائیں
200	لائیو جانے کی سہولت ایجنسی فعال کرتی ہے۔ اپنی ایجنسی کی دی ہوئی ID درج کریں، انہیں آپ کی درخواست مل جائے گی۔
201	Google
202	Google سائن اِن سے ID ٹوکن نہیں ملا
203	گروپ
204	گروپ کا نام (اختیاری)
205	ہراساں کرنا یا دھمکانا
206	چیٹ روم میں شامل ہوئے
207	نفرت انگیز تقریر
208	دوست کا کوڈ ہے؟
209	دل
210	مدد اور FAQ
211	مدد اور سپورٹ
212	ہیلو {0}، میں SABALIVE کوائنز خریدنا چاہتا/چاہتی ہوں۔
214	ہولڈر کا نام
215	ہوم
216	ہُرّے
217	ہوسٹ
218	ہوسٹ رسائی
219	ہوسٹ بمقابلہ ہوسٹ بیٹلز
220	ہوسٹس
221	سو
222	میں سروس کی شرائط اور پرائیویسی پالیسی سے متفق ہوں
223	ID {0} · لیول {1}
224	ID: {0}
225	شناخت کی تصدیق
226	کسی اور کا روپ دھارنا
227	کال میں
228	جاری ہے
229	ان باکس
230	آنے والی {0} کال
231	Instagram
232	Instagram انسٹال نہیں ہے — لنک کاپی کر دیا گیا
233	کوائنز کافی نہیں ہیں
234	ڈائمنڈز کافی نہیں ہیں
235	ریفرل کوڈ درست نہیں
236	دوست کو مدعو کریں
237	مخالف کو مدعو کریں
238	دوستوں کو SABALIVE پر بلائیں اور جب وہ آپ کے کوڈ سے شامل ہوں تو کوائنز کمائیں!
239	PK کے لیے مدعو کریں
240	دعوت بھیج دی گئی
241	کسی کو مدعو کریں
242	یہ برابری ہے!
243	آئٹم نہیں ملا
244	جنوری
245	کال میں شامل ہوں
246	SABALIVE پر میرے ساتھ شامل ہوں! {0}
247	دنیا بھر کے لاکھوں اسٹریمرز اور فینز سے جڑیں۔
248	جولائی
249	جون
250	جاری رکھیں
251	گانا چلتے وقت اپنا مائیک آن رکھیں
252	سیٹ سے ہٹائیں
253	جب کوئی پیغام بھیجے یا لائیو آئے تو جانیں
254	KYC جائزے کے لیے جمع کر دیا گیا
255	زبان
256	زبان کا انتخاب
257	ہنسی
258	چھوڑیں
259	لائیو چھوڑیں؟
260	ابھی سے جا رہے ہیں؟
261	لیول {0}
262	کل تحفے
263	پسند
264	لنک کاپی ہو گیا
265	لنک کاپی ہو گیا — Instagram میں پیسٹ کریں
266	لنک شدہ
267	لنک شدہ اکاؤنٹس
268	لائیو
269	لائیو بیٹل
270	ابھی لائیو
271	ابھی لائیو
272	لائیو اسٹریمنگ، کالز اور ورچوئل تحفے۔
273	لائیو دستیاب نہیں
274	لائیو، پیغامات، تحفے اور والیٹ کی سرگرمی
275	مقام
276	سیٹ لاک کریں
277	لاک ہے
278	لاگ اِن
279	اپنا سفر جاری رکھنے کے لیے لاگ اِن کریں
280	OTP سے لاگ اِن کریں
281	محبت
282	لکی باکس
283	لکی باکس کھلا، {0} ڈائمنڈز جیتے
284	لکی باکس، {0}
285	لکی ID
286	لکی اسپن
287	لیول {0}
288	مینٹیننس جاری ہے
289	مینٹیننس جاری ہے · {0} باقی
290	مینٹیننس {0} میں شروع ہوگی
291	لائیو چیٹ اور نجی پیغامات سے حقیقی تعلقات بنائیں۔
292	مرد
293	مارچ
294	سب پڑھا ہوا کریں
295	ملائیں اور بڑھائیں
296	زیادہ سے زیادہ لیول پر پہنچ گئے
297	مئی
298	میں
299	پیغام
300	پیغام کی اطلاعات
301	پیغامات
302	مائیکروفون
303	مائیکروفون میوٹ ہے
304	مائیکروفون آن ہے
305	مائیکروفون/کیمرے کی اجازت ضروری ہے
306	چھوٹا کریں
307	موبائل
308	ماہانہ
309	مزید
310	میوزک
311	سائن اِن ہونا ضروری ہے
312	میوٹ کریں
313	میرا بیگ
314	میرا فیڈ بیک
315	میری دعوتیں
316	میرا لیول
317	میری پروفائل
318	الفا کے دوران مدد چاہیے؟ support@sabalive.app پر ای میل کریں اور اپنا یوزر نیم اور آپ کیا کر رہے تھے، یہ لکھیں۔
320	نیٹ بینکنگ
321	نیا
322	نیا گروپ
323	نیا گروپ
324	نیا پیغام
325	نیا پیغام
326	اگلا
328	اس ID کی کوئی ایجنسی نہیں ملی
329	اس مدت کے لیے ابھی تک کوئی ایجنسی رینکنگ نہیں ہے۔
330	ابھی تک کوئی بیج نہیں
331	ابھی تک کوئی گفتگو نہیں۔\nشروع کرنے کے لیے لکھنے کے آئیکن پر ٹیپ کریں۔
332	ابھی کوئی ایموجی دستیاب نہیں
333	ابھی کوئی خالی سیٹ نہیں
334	ابھی تک کوئی فالوور نہیں۔
335	کوئی فریم نہیں لگا
336	ابھی تک کوئی فریم نہیں
337	اس مدت کے لیے ابھی تک تحفہ دینے والوں کی کوئی رینکنگ نہیں ہے۔
338	اس مدت کے لیے ابھی تک کوئی ہوسٹ رینکنگ نہیں ہے۔
339	ابھی تک کوئی دعوت نہیں
340	کوئی لنک شدہ اکاؤنٹ نہیں ملا
341	اس زمرے میں ابھی کوئی لائیو روم نہیں ہے۔
342	کوئی لائیو روم میل نہیں کھاتا
343	ابھی کوئی لائیو روم نہیں
344	ابھی فروخت کے لیے کوئی لکی ID نہیں
345	"{0}" کے لیے کوئی نتیجہ نہیں۔
346	کوئی پیغام کی درخواست نہیں۔
347	ابھی تک کوئی پیغام نہیں۔ ہیلو کہیں 👋
348	ابھی تک کوئی اطلاع نہیں۔
349	ابھی PK موڈ میں کوئی اور لائیو نہیں ہے۔
350	ابھی تک کسی نے شامل ہونے کو نہیں کہا۔
351	ابھی کوئی نہیں دیکھ رہا۔
352	ابھی کوئی لائیو نہیں — پہلے آپ بنیں!
353	ابھی کوئی مخالف نہیں — اکیلا PK
354	کوئی زیر التوا سیٹ درخواست نہیں
355	کوئی لوگ نہیں ملے
356	ابھی کوئی بیچنے والا درج نہیں — جلد دوبارہ دیکھیں۔
357	کوئی گانا نہیں چل رہا
358	ابھی تک کوئی اسٹریم نہیں — شروع کرنے کے لیے لائیو جائیں پر ٹیپ کریں۔
359	ابھی تک کوئی ٹرانسفر نہیں۔
360	ابھی تک کوئی وزیٹر نہیں — آپ کی پروفائل دیکھنے والے یہاں نظر آئیں گے۔
361	ابھی تک نکلوانے کی کوئی درخواست نہیں۔
362	نمبر {0}
363	آپ جن کو فالو کرتے ہیں ان میں سے کوئی ابھی لائیو نہیں ہے۔
364	آپ کے بیلنس میں کافی کوائنز نہیں ہیں
365	کوائنز کافی نہیں — ٹاپ اپ کریں
366	ابھی تک کسی کو فالو نہیں کر رہے۔
367	ابھی نہیں
368	نوٹ (اختیاری)
369	یہاں ابھی کچھ نہیں
370	نوٹس
371	نوٹس پن کر دیا گیا
372	نوٹس ان پن کر دیا گیا
373	اطلاعات
374	نومبر
375	برہنگی یا جنسی مواد
376	اکتوبر
377	آف لائن کوائن بیچنے والے
378	ایک ہندسہ
379	ایک خاص علامت
380	ایک بڑا حرف
381	صرف مجھے سنائی دے
382	صرف ہوسٹ چیٹ صاف کر سکتا ہے
383	صرف ہوسٹ یہ کر سکتا ہے
384	صرف ہوسٹ نوٹس پن کر سکتا ہے
385	کھل رہا ہے…
386	مخالف
387	یا اس کے ساتھ جاری رکھیں
388	آرڈر #…
389	دیگر
390	پارٹی
391	پاسپورٹ
392	پاس ورڈ
393	موبائل نمبر سے پاس ورڈ ری سیٹ جلد آ رہا ہے — فی الحال ای میل استعمال کریں
394	پاس ورڈ ری سیٹ ای میل بھیج دی گئی
395	{0} ادا کریں  ·  {1} کوائنز
396	ادائیگی کا طریقہ
397	زیر التوا
398	لوگ
399	فون
400	چیلنج کرنے کے لیے کوئی اور اسٹریم منتخب کریں
401	وصول کنندہ کے طور پر کسی اور کو منتخب کریں
402	منتخب کریں کسے بھیجنا ہے
403	پن کریں
404	ناظرین کے لیے پیغام پن کریں
405	PK اکھاڑا
406	PK بیٹل
407	PK بیٹل کی سیٹنگز
408	PK بیٹلز
409	PK بیٹلز جلد آ رہی ہیں
410	میوزک چلائیں
411	براہ کرم اپنا فیڈ بیک تفصیل سے لکھیں…
412	مقبول
414	ترجیحات
415	پچھلی درخواست مسترد ہو گئی تھی — آپ دوبارہ جمع کر سکتے ہیں۔
416	رازداری اور حفاظت
417	پرائیویسی پالیسی
418	نجی اکاؤنٹ
419	پروفائل
420	پروفائل فریمز
421	پروفائل فریمز
422	پروفائل اپ ڈیٹ ہو گئی
423	پروفائل وزیٹرز
424	لیول {0} تک پیش رفت
425	پش اطلاعات
426	مقدار
427	رینڈم PK
428	رینکنگ
429	پڑھنے کی رسیدیں
430	حالیہ اسٹریمز
431	حالیہ ٹرانسفرز
432	وصول کنندہ ID
433	وصول کنندہ نہیں ملا
434	تجویز کردہ
435	دوبارہ کنیکٹ ہو رہا ہے…
436	ریڈیم کریں
437	سرخی
438	حوالہ (اختیاری)
439	ریفرل کوڈ ریڈیم ہو گیا!
440	مجھے یاد رکھیں
441	ہٹائیں
442	5 ہٹائیں
443	ناظر کو ہٹائیں
444	{0} کو ہٹائیں؟
445	رپورٹ کریں
446	رپورٹ کی وجہ
447	رپورٹ جمع ہو گئی — شکریہ
448	دوسری ایجنسی کی درخواست کریں
449	درخواست بھیج دی گئی
450	{0} کو درخواست بھیج دی گئی
451	درخواست بھیج دی — ہوسٹ کا انتظار ہے
452	نکلوانے کی درخواست کریں
453	درخواستیں
454	درخواستیں ({0})
455	OTP دوبارہ بھیجیں
456	00:{0} میں OTP دوبارہ بھیجیں
457	حل ہو گیا
458	دوبارہ کوشش کریں
459	لائیو پر واپس جائیں
460	گھنٹی بج رہی ہے…
461	روم کے خلاف پانسہ پھینکیں
462	روم ایفیکٹس
463	روم ID: {0}
464	روم نوٹس
465	روم اسکن
466	روم اسکن
467	روم اسکنز
468	SABALIVE ان کے ساتھ بہترین چلتا ہے۔ آپ انہیں کسی بھی وقت اپنے فون کی سیٹنگز میں بدل سکتے ہیں۔
469	اداس
470	تبدیلیاں محفوظ کریں
471	ہیلو کہیں 👋
472	ہیلو کہیں!
473	کچھ کہیں
474	کچھ اچھا کہیں…
475	کوڈ {0} سے شامل ہونے کے لیے اسکین کریں
476	نام یا @یوزر نیم سے تلاش کریں
477	نام یا یوزر ID سے تلاش کریں
478	نام یا یوزر ID سے لوگوں کو تلاش کریں
479	پیغامات تلاش کریں
480	سیٹ کی دعوتیں
481	سیٹ کی درخواستیں
482	سیٹ {0}
483	سیٹ {0} لاک ہے
484	سیٹ {0} بھری ہوئی ہے
485	سیٹ {0} کی درخواستیں
487	سیٹ {0} · {1}
488	سب دیکھیں
489	تاریخ پیدائش منتخب کریں
490	کوائنز بیچیں
491	بھیجیں
492	تحفہ بھیجیں
493	تحفہ بھیجیں
494	سب کو بھیجیں · {0}
495	کوائنز بھیجیں
496	تحفے بھیجیں،\nمحبت پھیلائیں
497	درخواست بھیجیں
498	ری سیٹ لنک بھیجیں
499	ری سیٹ لنک بھیجیں
500	کسے بھیجیں
501	بھیجیں · {0}
502	تحفہ بھیجا
503	اسٹیکر بھیجا
504	سب کو {0} بھیجا
505	{0} بھیجا
506	ID {1} کو {0} کوائنز بھیجے
507	{0} {1} بھیجا
508	{0} x {1} بھیجا
509	{0} x {1} {2} بھیجا
510	ستمبر
511	سیٹنگز
512	شیئر کریں
513	اپنا کوڈ شیئر کریں، آپ کے انعامات یہاں نظر آئیں گے۔
514	شارپ کریں
515	پہلے سائن اِن کریں
516	سائن آؤٹ
517	سائن اپ
518	{0} کے طور پر سائن اِن
519	یہاں بیٹھیں
520	چھوڑیں
521	اسموتھ
522	اکیلا PK
523	کوئی
524	کسی نے ابھی وہ سیٹ لے لی
525	کچھ اور
526	آپ کے فون کے گانے۔ گانا چلتے وقت اپنا مائیک آن رکھیں — گانا آپ کی آواز کے ساتھ جاتا ہے۔
527	اسپام یا فراڈ
528	اسپیکر
529	اسپیکر بند
530	اسپیکر آن
531	گھمائیں اور کوائنز و تحفے جیتیں
532	آڈیو روم شروع کریں
533	لائیو شروع کریں
534	PK بیٹل شروع کریں
535	شروع ہو رہا ہے…
536	رکیں
537	اس اسٹریم میں بغیر رکے {0} منٹ لائیو رہیں اور {1} ڈائمنڈز جیتیں۔
538	ابھی کنیکٹ ہو رہا ہے — تھوڑی دیر بعد دوبارہ کوشش کریں
539	ہوسٹ کی طرف سے ابھی تک کچھ نہیں آیا — ہو سکتا ہے انہوں نے ختم کر دیا ہو، یا کنکشن کا مسئلہ ہو۔
540	اسٹور
541	اسٹریم نہیں ملی
542	اسٹریم کا عنوان
543	اسٹریمز
544	جمع کریں
545	درخواست جمع کریں
546	تصدیق کے لیے جمع کریں
547	تجاویز
548	سپورٹ
549	ورچوئل تحفوں سے اپنے پسندیدہ کریئیٹرز کی حمایت کریں اور رینکنگ میں اوپر آئیں۔
550	تصویر لیں
551	لائیو رومز اور آڈیو رومز میں بات کریں
552	ٹین پتی
553	سروس کی شرائط
554	وہ کوڈ کام نہیں کیا — دوبارہ کوشش کریں
555	وہ کوڈ پہلے ہی استعمال ہو چکا ہے
556	وہ کوڈ غیر فعال کر دیا گیا ہے
557	اس کوڈ کی میعاد ختم ہو چکی ہے
558	وہ فائل یہاں سے کھولی نہیں جا سکی۔
559	وہ لکی ID پہلے ہی لی جا چکی ہے
560	وہ لکی ID دستیاب نہیں ہے
561	ایجنسی
562	ہوسٹ نے آپ کو اس لائیو سے ہٹا دیا۔
563	ہوسٹ نے آپ کو آپ کی سیٹ سے ہٹا دیا
564	لنک 15 منٹ میں ختم ہو جائے گا۔ اگر نظر نہ آئے تو اپنا اسپام فولڈر دیکھیں۔
565	درخواست ناکام ہو گئی ({0})۔
566	یہ بیچنے والے ایپ کے باہر (نقد / UPI) ادائیگی لیتے ہیں اور براہ راست آپ کے کوائنز کریڈٹ کرتے ہیں۔ خریداری طے کرنے کے لیے WhatsApp پر کسی کو پیغام بھیجیں۔
567	وہ ابھی جائیں گے اور اس لائیو میں دوبارہ شامل نہیں ہو سکیں گے۔
568	بیٹل شروع ہونے سے پہلے انہیں قبول کرنا ہوگا
569	انہیں اس لائیو سے ہٹا دیا جائے گا اور وہ دوبارہ شامل نہیں ہو سکیں گے۔
570	یہ اکاؤنٹ پابندی کا شکار ہے۔
571	یہ ڈیوائس {0} پابندی کا شکار ہے۔
572	یہ ہوسٹ ابھی لائیو نہیں ہے
573	یہ ایڈمن پینل کا اکاؤنٹ ہے۔ اس کی بجائے ایڈمن پینل سے سائن اِن کریں۔
574	اس میں توقع سے کچھ زیادہ وقت لگ رہا ہے۔
575	یہ صفحہ ابھی شائع نہیں ہوا۔
576	یہ آپ کی پروفائل، اسٹریمز، چیٹس، والیٹ اور تحفوں کی تاریخ ہمیشہ کے لیے حذف کر دے گا۔ ہم درخواستیں 7 دنوں میں پوری کرتے ہیں۔ یہ واپس نہیں ہو سکتا — کیا آپ کو یقین ہے؟
577	یہ سیٹ پہلے ہی بھری ہوئی ہے
578	یہ سیٹ لاک ہے
579	یہ اسٹریم لائیو نہیں ہے
580	پاس ورڈ بدلنے کے لیے ہم آپ کو ری سیٹ لنک ای میل کریں گے۔
581	آج
582	ٹولز
583	کل ریفرل انعامات
584	لین دین کی تاریخ
585	ابھی ٹرینڈنگ
586	پیغام لکھیں…
587	لوگوں کو تلاش کرنے کے لیے لکھیں
588	دستیاب نہیں
589	ان بلاک کریں
590	ان لنک کریں
591	سیٹ ان لاک کریں
592	ان میوٹ کریں
593	ان پن کریں
594	{0} تک
596	یوزر نیم
597	OTP کی تصدیق کریں
598	نکلوانے اور تصدیق شدہ بیج کھولنے کے لیے اپنی شناخت کی تصدیق کریں۔
599	ویڈیو
600	VIP  ·  شاندار مراعات
601	صرف VIP کے لیے
602	{0} کو دیکھا
603	وائس کنٹرول
604	وائس ایفیکٹس
605	ووٹر ID
606	مخالف کا انتظار
607	{0} کے آپ کو منظور کرنے کا انتظار ہے۔ ان کے منظور کرتے ہی آپ لائیو جا سکیں گے۔
608	{0} کا انتظار…
609	انتظار…
610	والیٹ
611	والیٹ اور کمائی
612	والیٹ اور لین دین
613	والیٹ / PayPal
614	لائیو دیکھیں
615	ابھی دیکھ رہے ہیں
616	ہم نے {0} پر تصدیقی لنک بھیجا ہے۔ اس پر ٹیپ کریں، پھر واپس آ کر لاگ اِن کریں۔
617	ہم جلد از جلد واپس آئیں گے۔
618	ہم ابھی واپس آتے ہیں
619	ہم ابھی مینٹیننس میں ہیں، اس لیے سائن اِن دستیاب نہیں۔ براہ کرم تھوڑی دیر بعد دوبارہ کوشش کریں۔
620	ہم نے 6 ہندسوں کا کوڈ بھیجا ہے\n{0}
621	ہم نے پاس ورڈ ری سیٹ لنک بھیجا ہے\n{0}
622	ویلتھ
623	ہفتہ وار
624	خوش آمدید!
625	آپ کی اسٹریم کس بارے میں ہے؟
626	WhatsApp
627	WhatsApp نمبر
628	گورا کریں
629	آپ کو کس نے ریفر کیا، اگر کسی نے کیا ہو
630	نکلوانے
631	نکلوانا جلد آ رہا ہے
632	واہ
633	پہلے ایک پیغام لکھیں
634	سپورٹ کو لکھیں…
635	آپ
636	آپ لائیو سے {0} پابندی کا شکار ہیں۔
637	آپ تصدیق شدہ ہیں ✓
638	آپ اس لائیو میں شامل نہیں ہو سکتے۔
639	اس آئٹم کی کوئی فعال کاپی آپ کے پاس نہیں ہے
640	آپ کے پاس ابھی کچھ نہیں ہے
641	ہوسٹ نے آپ کو اس روم کی سیٹوں سے ہٹا دیا ہے
642	آپ نے کسی کو بلاک نہیں کیا۔
643	آپ نے ابھی تک کوئی فیڈ بیک نہیں بھیجا۔
644	آپ ہار گئے
645	لائیو جانے کے لیے سائن اِن ہونا ضروری ہے
646	آپ نے {1} ناظرین کے لیے {0} اسٹریم کی۔
647	آپ کا اکاؤنٹ دوسرے ڈیوائس پر سائن اِن ہونے کی وجہ سے آپ کو سائن آؤٹ کر دیا گیا۔
648	آپ جیت گئے! 🏆
649	آپ نے اس لائیو سے {0} ڈائمنڈز جیتے۔ شاباش!
650	آپ تیار ہیں!
651	آپ ابھی بھی {0} کے روم میں لائیو ہیں — دوسرا شروع کرنے یا شامل ہونے سے پہلے اسے ختم کریں یا اس میں واپس جائیں۔
652	آپ لائیو دیکھ رہے ہیں — آڈیو چل رہی ہے
653	آپ: {0}
654	آپ کا اکاؤنٹ
655	آپ کا اکاؤنٹ {0} پابندی کا شکار ہے۔
656	آپ کی ایجنسی
657	آپ کی ایجنسی "{0}" منظور ہو گئی ✓
658	"{0}" کے لیے آپ کی درخواست جائزے میں ہے۔
659	"{0}" کے لیے آپ کی درخواست منظور نہیں ہوئی۔
660	آپ کا کوائن بیلنس
661	آپ کا فیڈ بیک
662	آپ کا فریم
663	آپ کی ہوسٹ رسائی واپس لے لی گئی ہے۔ اپنی ایجنسی سے رابطہ کریں۔
664	آپ کی لکی ID: {0}{1}
665	آپ کا نمبر کامیابی سے تصدیق ہو گیا۔
666	آپ کا سیشن ختم ہو گیا ہے۔ براہ کرم دوبارہ سائن اِن کریں۔
667	آپ کا تصدیقی کوڈ 10 منٹ کے لیے درست ہے۔
668	آپ کی تصدیق جائزے میں ہے۔
669	{0} بیجز حاصل ہوئے
670	{0} پر سیٹ سے پابندی لگا دی گئی
671	{0} کوائنز
672	{0} کوائنز شامل ہوئے
673	{0} دن
674	{0} دن پہلے
675	{0} نے آپ کی درخواست مسترد کر دی۔ آپ دوبارہ کوشش کر سکتے ہیں یا کسی دوسری ایجنسی کو بھیج سکتے ہیں۔
676	{0} ڈائمنڈز
677	{0} نے لائیو ختم کر دیا
678	{0} {1} کے ساتھ داخل ہوئے
679	روم میں {0} · سیٹ پر {1}
680	{0} دعوتیں
681	{0} ایک ڈیمو ہوسٹ ہے — ابھی تحفے نہیں بھیجے جا سکتے۔
682	{0} جلد آ رہا ہے
683	{0} SABALIVE پر لائیو ہے — ابھی شامل ہوں!
684	{0} اب آپ کی ID ہے!
685	{0} آپ کی ہے
686	{0} شامل ہوئے
687	{0} لیول {1}
688	{0} لیول {1}
689	{0} لائیو
690	{0} خرید لیا گیا!
691	{0} کو سیٹ سے ہٹا دیا گیا
692	{0} نے {1} بھیجا
693	{0} نے {1} x{2} بھیجا
694	{0} ناظرین
695	{0} کو ہٹا دیا گیا
696	{0} دیکھ رہے ہیں · {1} سیٹ پر
697	{0} جیت گئے! 🏆
698	{0} اس اسٹریم میں دوبارہ سیٹ نہیں لے سکے گا۔
699	{0} XP
700	{0} — جلد آ رہا ہے
702	🎁 تحفہ بھیجا
703	🔴 ابھی لائیو

704	+{0} بونس
705	1 دن پہلے
706	شامل ہوئے
707	چلے گئے
